2026-09-17 09:43:52,444 | INFO | Configuración cargada correctamente desde: C:\Users\USUARIO\Documents\API PARA CAPTADOR\api_conexion\output\main2\config.txt
2026-09-17 09:43:52,561 | INFO | --------------------------------------------------
2026-09-17 09:43:52,561 | INFO |  MODO OFFLINE ACTIVADO (ENABLE_HARDWARE=0)
2026-09-17 09:43:52,562 | INFO |  Omitiendo conexión a PostgreSQL y tareas de biométrico.
2026-09-17 09:43:52,562 | INFO | --------------------------------------------------
2026-09-17 09:43:59,698 | INFO | Modo Offline: Procesando nuevo marcaje para emp: 999
2026-09-17 09:43:59,723 | INFO | Respaldo TXT guardado para 999 (Tienda: 1)
2026-09-17 09:43:59,729 | WARNING | Marcaje duplicado omitido (Modo Offline) -> Emp: 999 | Hora: 2026-09-17 09:43:59.719864
2026-09-17 09:43:59,730 | WARNING | Marcaje duplicado omitido (Modo Offline) -> Emp: 999 | Hora: 2026-09-17 09:43:59.720364
2026-09-17 09:43:59,730 | WARNING | Marcaje duplicado omitido (Modo Offline) -> Emp: 999 | Hora: 2026-09-17 09:43:59.722060
2026-09-17 09:43:59,731 | WARNING | Marcaje duplicado omitido (Modo Offline) -> Emp: 999 | Hora: 2026-09-17 09:43:59.728857
2026-09-17 09:43:59,739 | WARNING | Marcaje duplicado omitido (Modo Offline) -> Emp: 999 | Hora: 2026-09-17 09:43:59.735288
2026-09-17 09:43:59,740 | WARNING | Marcaje duplicado omitido (Modo Offline) -> Emp: 999 | Hora: 2026-09-17 09:43:59.735571
2026-09-17 09:43:59,741 | WARNING | Marcaje duplicado omitido (Modo Offline) -> Emp: 999 | Hora: 2026-09-17 09:43:59.737852
2026-09-17 09:43:59,741 | WARNING | Marcaje duplicado omitido (Modo Offline) -> Emp: 999 | Hora: 2026-09-17 09:43:59.737611
2026-09-17 09:43:59,760 | WARNING | Marcaje duplicado omitido (Modo Offline) -> Emp: 999 | Hora: 2026-09-17 09:43:59.758780
2026-09-17 09:43:59,761 | WARNING | Marcaje duplicado omitido (Modo Offline) -> Emp: 999 | Hora: 2026-09-17 09:43:59.759007
2026-09-17 09:43:59,776 | WARNING | Marcaje duplicado omitido (Modo Offline) -> Emp: 999 | Hora: 2026-09-17 09:43:59.775365
2026-09-17 09:43:59,779 | WARNING | Marcaje duplicado omitido (Modo Offline) -> Emp: 999 | Hora: 2026-09-17 09:43:59.777092
2026-09-17 09:44:00,144 | WARNING | Marcaje duplicado omitido (Modo Offline) -> Emp: 999 | Hora: 2026-09-17 09:44:00.132810
2026-09-17 09:44:00,167 | WARNING | Marcaje duplicado omitido (Modo Offline) -> Emp: 999 | Hora: 2026-09-17 09:44:00.154466
2026-09-17 09:44:00,174 | WARNING | Marcaje duplicado omitido (Modo Offline) -> Emp: 999 | Hora: 2026-09-17 09:44:00.169236
2026-09-17 09:44:00,174 | WARNING | Marcaje duplicado omitido (Modo Offline) -> Emp: 999 | Hora: 2026-09-17 09:44:00.169946
2026-09-17 09:44:00,175 | WARNING | Marcaje duplicado omitido (Modo Offline) -> Emp: 999 | Hora: 2026-09-17 09:44:00.169732
2026-09-17 09:44:00,176 | WARNING | Marcaje duplicado omitido (Modo Offline) -> Emp: 999 | Hora: 2026-09-17 09:44:00.169496
2026-09-17 09:44:00,177 | WARNING | Marcaje duplicado omitido (Modo Offline) -> Emp: 999 | Hora: 2026-09-17 09:44:00.173389
2026-09-17 09:44:00,193 | WARNING | Marcaje duplicado omitido (Modo Offline) -> Emp: 999 | Hora: 2026-09-17 09:44:00.191094
2026-09-17 09:44:00,193 | WARNING | Marcaje duplicado omitido (Modo Offline) -> Emp: 999 | Hora: 2026-09-17 09:44:00.190659
2026-09-17 09:44:00,193 | WARNING | Marcaje duplicado omitido (Modo Offline) -> Emp: 999 | Hora: 2026-09-17 09:44:00.190891
2026-09-17 09:44:00,195 | WARNING | Marcaje duplicado omitido (Modo Offline) -> Emp: 999 | Hora: 2026-09-17 09:44:00.191289
2026-09-17 09:44:00,196 | WARNING | Marcaje duplicado omitido (Modo Offline) -> Emp: 999 | Hora: 2026-09-17 09:44:00.190436
2026-09-17 09:44:00,197 | WARNING | Marcaje duplicado omitido (Modo Offline) -> Emp: 999 | Hora: 2026-09-17 09:44:00.190163
2026-09-17 09:44:00,206 | WARNING | Marcaje duplicado omitido (Modo Offline) -> Emp: 999 | Hora: 2026-09-17 09:44:00.202998
2026-09-17 09:44:00,229 | WARNING | Marcaje duplicado omitido (Modo Offline) -> Emp: 999 | Hora: 2026-09-17 09:44:00.224401
2026-09-17 09:44:00,229 | WARNING | Marcaje duplicado omitido (Modo Offline) -> Emp: 999 | Hora: 2026-09-17 09:44:00.224639
2026-09-17 09:44:00,231 | WARNING | Marcaje duplicado omitido (Modo Offline) -> Emp: 999 | Hora: 2026-09-17 09:44:00.226600
2026-09-17 09:44:00,231 | WARNING | Marcaje duplicado omitido (Modo Offline) -> Emp: 999 | Hora: 2026-09-17 09:44:00.225465
2026-09-17 09:44:00,234 | WARNING | Marcaje duplicado omitido (Modo Offline) -> Emp: 999 | Hora: 2026-09-17 09:44:00.227024
2026-09-17 09:44:00,235 | WARNING | Marcaje duplicado omitido (Modo Offline) -> Emp: 999 | Hora: 2026-09-17 09:44:00.225819
2026-09-17 09:44:00,236 | WARNING | Marcaje duplicado omitido (Modo Offline) -> Emp: 999 | Hora: 2026-09-17 09:44:00.225008
2026-09-17 09:44:00,240 | WARNING | Marcaje duplicado omitido (Modo Offline) -> Emp: 999 | Hora: 2026-09-17 09:44:00.235914
2026-09-17 09:44:00,241 | WARNING | Marcaje duplicado omitido (Modo Offline) -> Emp: 999 | Hora: 2026-09-17 09:44:00.239120
2026-09-17 09:44:00,242 | WARNING | Marcaje duplicado omitido (Modo Offline) -> Emp: 999 | Hora: 2026-09-17 09:44:00.238360
2026-09-17 09:44:00,249 | WARNING | Marcaje duplicado omitido (Modo Offline) -> Emp: 999 | Hora: 2026-09-17 09:44:00.247555
2026-09-17 09:44:00,262 | WARNING | Marcaje duplicado omitido (Modo Offline) -> Emp: 999 | Hora: 2026-09-17 09:44:00.254642
2026-09-17 09:44:00,266 | WARNING | Marcaje duplicado omitido (Modo Offline) -> Emp: 999 | Hora: 2026-09-17 09:44:00.254370
2026-09-17 09:44:00,265 | WARNING | Marcaje duplicado omitido (Modo Offline) -> Emp: 999 | Hora: 2026-09-17 09:44:00.255050
2026-09-17 09:44:00,268 | WARNING | Marcaje duplicado omitido (Modo Offline) -> Emp: 999 | Hora: 2026-09-17 09:44:00.254035
2026-09-17 09:44:00,284 | WARNING | Marcaje duplicado omitido (Modo Offline) -> Emp: 999 | Hora: 2026-09-17 09:44:00.281119
2026-09-17 09:44:00,287 | WARNING | Marcaje duplicado omitido (Modo Offline) -> Emp: 999 | Hora: 2026-09-17 09:44:00.281668
2026-09-17 09:44:00,287 | WARNING | Marcaje duplicado omitido (Modo Offline) -> Emp: 999 | Hora: 2026-09-17 09:44:00.281329
2026-09-17 09:44:00,288 | WARNING | Marcaje duplicado omitido (Modo Offline) -> Emp: 999 | Hora: 2026-09-17 09:44:00.282213
2026-09-17 09:44:00,288 | WARNING | Marcaje duplicado omitido (Modo Offline) -> Emp: 999 | Hora: 2026-09-17 09:44:00.282368
2026-09-17 09:44:00,288 | WARNING | Marcaje duplicado omitido (Modo Offline) -> Emp: 999 | Hora: 2026-09-17 09:44:00.282037
2026-09-17 09:44:00,288 | WARNING | Marcaje duplicado omitido (Modo Offline) -> Emp: 999 | Hora: 2026-09-17 09:44:00.281856
2026-09-17 09:44:00,288 | WARNING | Marcaje duplicado omitido (Modo Offline) -> Emp: 999 | Hora: 2026-09-17 09:44:00.281500
2026-09-17 09:44:00,294 | WARNING | Marcaje duplicado omitido (Modo Offline) -> Emp: 999 | Hora: 2026-09-17 09:44:00.289566
2026-09-17 09:44:00,301 | WARNING | Marcaje duplicado omitido (Modo Offline) -> Emp: 999 | Hora: 2026-09-17 09:44:00.289863
2026-09-17 09:44:00,303 | WARNING | Marcaje duplicado omitido (Modo Offline) -> Emp: 999 | Hora: 2026-09-17 09:44:00.290191
2026-09-17 09:44:00,304 | WARNING | Marcaje duplicado omitido (Modo Offline) -> Emp: 999 | Hora: 2026-09-17 09:44:00.290517
2026-09-17 09:44:00,308 | WARNING | Marcaje duplicado omitido (Modo Offline) -> Emp: 999 | Hora: 2026-09-17 09:44:00.291085
2026-09-17 09:44:00,309 | WARNING | Marcaje duplicado omitido (Modo Offline) -> Emp: 999 | Hora: 2026-09-17 09:44:00.291372
2026-09-17 09:44:00,311 | WARNING | Marcaje duplicado omitido (Modo Offline) -> Emp: 999 | Hora: 2026-09-17 09:44:00.291601
2026-09-17 09:44:00,312 | WARNING | Marcaje duplicado omitido (Modo Offline) -> Emp: 999 | Hora: 2026-09-17 09:44:00.291809
2026-09-17 09:44:00,319 | WARNING | Marcaje duplicado omitido (Modo Offline) -> Emp: 999 | Hora: 2026-09-17 09:44:00.296777
2026-09-17 09:44:00,319 | WARNING | Marcaje duplicado omitido (Modo Offline) -> Emp: 999 | Hora: 2026-09-17 09:44:00.296538
2026-09-17 09:44:00,320 | WARNING | Marcaje duplicado omitido (Modo Offline) -> Emp: 999 | Hora: 2026-09-17 09:44:00.304652
2026-09-17 09:44:00,324 | WARNING | Marcaje duplicado omitido (Modo Offline) -> Emp: 999 | Hora: 2026-09-17 09:44:00.304926
2026-09-17 09:44:00,326 | WARNING | Marcaje duplicado omitido (Modo Offline) -> Emp: 999 | Hora: 2026-09-17 09:44:00.305170
2026-09-17 09:44:00,328 | WARNING | Marcaje duplicado omitido (Modo Offline) -> Emp: 999 | Hora: 2026-09-17 09:44:00.305447
2026-09-17 09:44:00,329 | WARNING | Marcaje duplicado omitido (Modo Offline) -> Emp: 999 | Hora: 2026-09-17 09:44:00.305671
2026-09-17 09:44:00,329 | WARNING | Marcaje duplicado omitido (Modo Offline) -> Emp: 999 | Hora: 2026-09-17 09:44:00.307275
2026-09-17 09:44:00,349 | WARNING | Marcaje duplicado omitido (Modo Offline) -> Emp: 999 | Hora: 2026-09-17 09:44:00.347072
2026-09-17 09:44:00,363 | WARNING | Marcaje duplicado omitido (Modo Offline) -> Emp: 999 | Hora: 2026-09-17 09:44:00.359983
2026-09-17 09:44:00,364 | WARNING | Marcaje duplicado omitido (Modo Offline) -> Emp: 999 | Hora: 2026-09-17 09:44:00.359815
2026-09-17 09:44:00,364 | WARNING | Marcaje duplicado omitido (Modo Offline) -> Emp: 999 | Hora: 2026-09-17 09:44:00.359466
2026-09-17 09:44:00,363 | WARNING | Marcaje duplicado omitido (Modo Offline) -> Emp: 999 | Hora: 2026-09-17 09:44:00.359632
2026-09-17 09:44:00,365 | WARNING | Marcaje duplicado omitido (Modo Offline) -> Emp: 999 | Hora: 2026-09-17 09:44:00.359294
2026-09-17 09:44:00,369 | WARNING | Marcaje duplicado omitido (Modo Offline) -> Emp: 999 | Hora: 2026-09-17 09:44:00.359125
2026-09-17 09:44:00,369 | WARNING | Marcaje duplicado omitido (Modo Offline) -> Emp: 999 | Hora: 2026-09-17 09:44:00.358915
2026-09-17 09:44:00,505 | WARNING | Marcaje duplicado omitido (Modo Offline) -> Emp: 999 | Hora: 2026-09-17 09:44:00.494699
2026-09-17 09:44:00,506 | WARNING | Marcaje duplicado omitido (Modo Offline) -> Emp: 999 | Hora: 2026-09-17 09:44:00.495815
2026-09-17 09:44:00,508 | WARNING | Marcaje duplicado omitido (Modo Offline) -> Emp: 999 | Hora: 2026-09-17 09:44:00.495162
2026-09-17 09:44:00,508 | WARNING | Marcaje duplicado omitido (Modo Offline) -> Emp: 999 | Hora: 2026-09-17 09:44:00.494951
2026-09-17 09:44:00,509 | WARNING | Marcaje duplicado omitido (Modo Offline) -> Emp: 999 | Hora: 2026-09-17 09:44:00.496056
2026-09-17 09:44:00,509 | WARNING | Marcaje duplicado omitido (Modo Offline) -> Emp: 999 | Hora: 2026-09-17 09:44:00.495555
2026-09-17 09:44:00,509 | WARNING | Marcaje duplicado omitido (Modo Offline) -> Emp: 999 | Hora: 2026-09-17 09:44:00.496953
2026-09-17 09:44:00,509 | WARNING | Marcaje duplicado omitido (Modo Offline) -> Emp: 999 | Hora: 2026-09-17 09:44:00.495356
2026-09-17 09:44:00,510 | WARNING | Marcaje duplicado omitido (Modo Offline) -> Emp: 999 | Hora: 2026-09-17 09:44:00.497227
2026-09-17 09:44:00,554 | WARNING | Marcaje duplicado omitido (Modo Offline) -> Emp: 999 | Hora: 2026-09-17 09:44:00.497635
2026-09-17 09:44:00,555 | WARNING | Marcaje duplicado omitido (Modo Offline) -> Emp: 999 | Hora: 2026-09-17 09:44:00.497819
2026-09-17 09:44:00,555 | WARNING | Marcaje duplicado omitido (Modo Offline) -> Emp: 999 | Hora: 2026-09-17 09:44:00.497437
2026-09-17 09:44:00,557 | WARNING | Marcaje duplicado omitido (Modo Offline) -> Emp: 999 | Hora: 2026-09-17 09:44:00.497993
2026-09-17 09:44:00,558 | WARNING | Marcaje duplicado omitido (Modo Offline) -> Emp: 999 | Hora: 2026-09-17 09:44:00.498173
2026-09-17 09:44:00,561 | WARNING | Marcaje duplicado omitido (Modo Offline) -> Emp: 999 | Hora: 2026-09-17 09:44:00.498358
2026-09-17 09:44:00,561 | WARNING | Marcaje duplicado omitido (Modo Offline) -> Emp: 999 | Hora: 2026-09-17 09:44:00.498533
2026-09-17 09:44:00,567 | WARNING | Marcaje duplicado omitido (Modo Offline) -> Emp: 999 | Hora: 2026-09-17 09:44:00.498710
2026-09-17 09:44:00,567 | WARNING | Marcaje duplicado omitido (Modo Offline) -> Emp: 999 | Hora: 2026-09-17 09:44:00.498894
2026-09-17 09:44:00,568 | WARNING | Marcaje duplicado omitido (Modo Offline) -> Emp: 999 | Hora: 2026-09-17 09:44:00.499071
2026-09-17 09:44:00,569 | WARNING | Marcaje duplicado omitido (Modo Offline) -> Emp: 999 | Hora: 2026-09-17 09:44:00.499246
2026-09-17 09:44:00,570 | WARNING | Marcaje duplicado omitido (Modo Offline) -> Emp: 999 | Hora: 2026-09-17 09:44:00.529283
2026-09-17 09:44:00,570 | WARNING | Marcaje duplicado omitido (Modo Offline) -> Emp: 999 | Hora: 2026-09-17 09:44:00.503255
2026-09-17 09:44:00,571 | WARNING | Marcaje duplicado omitido (Modo Offline) -> Emp: 999 | Hora: 2026-09-17 09:44:00.529548
2026-09-17 09:44:00,575 | WARNING | Marcaje duplicado omitido (Modo Offline) -> Emp: 999 | Hora: 2026-09-17 09:44:00.529743
2026-09-17 09:44:00,576 | WARNING | Marcaje duplicado omitido (Modo Offline) -> Emp: 999 | Hora: 2026-09-17 09:44:00.531735
2026-09-17 09:44:00,577 | WARNING | Marcaje duplicado omitido (Modo Offline) -> Emp: 999 | Hora: 2026-09-17 09:44:00.531956
2026-09-17 09:44:01,367 | WARNING | Marcaje duplicado omitido (Modo Offline) -> Emp: 999 | Hora: 2026-09-17 09:44:01.361015
2026-09-17 09:44:01,373 | WARNING | Marcaje duplicado omitido (Modo Offline) -> Emp: 999 | Hora: 2026-09-17 09:44:01.368747
2026-09-17 09:44:01,374 | WARNING | Marcaje duplicado omitido (Modo Offline) -> Emp: 999 | Hora: 2026-09-17 09:44:01.370999
2026-09-17 09:44:01,375 | WARNING | Marcaje duplicado omitido (Modo Offline) -> Emp: 999 | Hora: 2026-09-17 09:44:01.373101
2026-09-17 09:44:01,376 | WARNING | Marcaje duplicado omitido (Modo Offline) -> Emp: 999 | Hora: 2026-09-17 09:44:01.373241
2026-09-17 09:44:01,377 | WARNING | Marcaje duplicado omitido (Modo Offline) -> Emp: 999 | Hora: 2026-09-17 09:44:01.373360
2026-09-17 09:44:01,377 | WARNING | Marcaje duplicado omitido (Modo Offline) -> Emp: 999 | Hora: 2026-09-17 09:44:01.372946
2026-09-17 09:44:01,387 | WARNING | Marcaje duplicado omitido (Modo Offline) -> Emp: 999 | Hora: 2026-09-17 09:44:01.381104
2026-09-17 09:44:01,387 | WARNING | Marcaje duplicado omitido (Modo Offline) -> Emp: 999 | Hora: 2026-09-17 09:44:01.380731
2026-09-17 09:44:01,389 | WARNING | Marcaje duplicado omitido (Modo Offline) -> Emp: 999 | Hora: 2026-09-17 09:44:01.381238
2026-09-17 09:44:01,388 | WARNING | Marcaje duplicado omitido (Modo Offline) -> Emp: 999 | Hora: 2026-09-17 09:44:01.380286
2026-09-17 09:44:01,390 | WARNING | Marcaje duplicado omitido (Modo Offline) -> Emp: 999 | Hora: 2026-09-17 09:44:01.380912
2026-09-17 09:44:01,390 | WARNING | Marcaje duplicado omitido (Modo Offline) -> Emp: 999 | Hora: 2026-09-17 09:44:01.380033
2026-09-17 09:44:01,391 | WARNING | Marcaje duplicado omitido (Modo Offline) -> Emp: 999 | Hora: 2026-09-17 09:44:01.380511
2026-09-17 09:44:01,409 | WARNING | Marcaje duplicado omitido (Modo Offline) -> Emp: 999 | Hora: 2026-09-17 09:44:01.406879
2026-09-17 09:44:01,410 | WARNING | Marcaje duplicado omitido (Modo Offline) -> Emp: 999 | Hora: 2026-09-17 09:44:01.408208
2026-09-17 09:44:01,426 | WARNING | Marcaje duplicado omitido (Modo Offline) -> Emp: 999 | Hora: 2026-09-17 09:44:01.423683
2026-09-17 09:44:01,426 | WARNING | Marcaje duplicado omitido (Modo Offline) -> Emp: 999 | Hora: 2026-09-17 09:44:01.423822
2026-09-17 09:44:01,426 | WARNING | Marcaje duplicado omitido (Modo Offline) -> Emp: 999 | Hora: 2026-09-17 09:44:01.423518
2026-09-17 09:44:01,427 | WARNING | Marcaje duplicado omitido (Modo Offline) -> Emp: 999 | Hora: 2026-09-17 09:44:01.424892
2026-09-17 09:44:01,429 | WARNING | Marcaje duplicado omitido (Modo Offline) -> Emp: 999 | Hora: 2026-09-17 09:44:01.423952
2026-09-17 09:44:01,472 | WARNING | Marcaje duplicado omitido (Modo Offline) -> Emp: 999 | Hora: 2026-09-17 09:44:01.471155
2026-09-17 09:44:01,473 | WARNING | Marcaje duplicado omitido (Modo Offline) -> Emp: 999 | Hora: 2026-09-17 09:44:01.470858
2026-09-17 09:44:01,473 | WARNING | Marcaje duplicado omitido (Modo Offline) -> Emp: 999 | Hora: 2026-09-17 09:44:01.470708
2026-09-17 09:44:01,473 | WARNING | Marcaje duplicado omitido (Modo Offline) -> Emp: 999 | Hora: 2026-09-17 09:44:01.471298
2026-09-17 09:44:01,474 | WARNING | Marcaje duplicado omitido (Modo Offline) -> Emp: 999 | Hora: 2026-09-17 09:44:01.471433
2026-09-17 09:44:01,600 | WARNING | Marcaje duplicado omitido (Modo Offline) -> Emp: 999 | Hora: 2026-09-17 09:44:01.594199
2026-09-17 09:44:01,609 | WARNING | Marcaje duplicado omitido (Modo Offline) -> Emp: 999 | Hora: 2026-09-17 09:44:01.603906
2026-09-17 09:44:01,610 | WARNING | Marcaje duplicado omitido (Modo Offline) -> Emp: 999 | Hora: 2026-09-17 09:44:01.605856
2026-09-17 09:44:01,611 | WARNING | Marcaje duplicado omitido (Modo Offline) -> Emp: 999 | Hora: 2026-09-17 09:44:01.606443
2026-09-17 09:44:01,612 | WARNING | Marcaje duplicado omitido (Modo Offline) -> Emp: 999 | Hora: 2026-09-17 09:44:01.607454
2026-09-17 09:44:01,611 | WARNING | Marcaje duplicado omitido (Modo Offline) -> Emp: 999 | Hora: 2026-09-17 09:44:01.606078
2026-09-17 09:44:01,612 | WARNING | Marcaje duplicado omitido (Modo Offline) -> Emp: 999 | Hora: 2026-09-17 09:44:01.606258
2026-09-17 09:44:01,611 | WARNING | Marcaje duplicado omitido (Modo Offline) -> Emp: 999 | Hora: 2026-09-17 09:44:01.607234
2026-09-17 09:44:01,611 | WARNING | Marcaje duplicado omitido (Modo Offline) -> Emp: 999 | Hora: 2026-09-17 09:44:01.605601
2026-09-17 09:44:01,771 | WARNING | Marcaje duplicado omitido (Modo Offline) -> Emp: 999 | Hora: 2026-09-17 09:44:01.768810
2026-09-17 09:44:01,772 | WARNING | Marcaje duplicado omitido (Modo Offline) -> Emp: 999 | Hora: 2026-09-17 09:44:01.769489
2026-09-17 09:44:01,771 | WARNING | Marcaje duplicado omitido (Modo Offline) -> Emp: 999 | Hora: 2026-09-17 09:44:01.769801
2026-09-17 09:44:01,772 | WARNING | Marcaje duplicado omitido (Modo Offline) -> Emp: 999 | Hora: 2026-09-17 09:44:01.769015
2026-09-17 09:44:01,773 | WARNING | Marcaje duplicado omitido (Modo Offline) -> Emp: 999 | Hora: 2026-09-17 09:44:01.769186
2026-09-17 09:44:01,773 | WARNING | Marcaje duplicado omitido (Modo Offline) -> Emp: 999 | Hora: 2026-09-17 09:44:01.769347
2026-09-17 09:44:01,774 | WARNING | Marcaje duplicado omitido (Modo Offline) -> Emp: 999 | Hora: 2026-09-17 09:44:01.769631
2026-09-17 09:44:01,929 | WARNING | Marcaje duplicado omitido (Modo Offline) -> Emp: 999 | Hora: 2026-09-17 09:44:01.920686
2026-09-17 09:44:01,929 | WARNING | Marcaje duplicado omitido (Modo Offline) -> Emp: 999 | Hora: 2026-09-17 09:44:01.922671
2026-09-17 09:44:01,930 | WARNING | Marcaje duplicado omitido (Modo Offline) -> Emp: 999 | Hora: 2026-09-17 09:44:01.923311
2026-09-17 09:44:01,930 | WARNING | Marcaje duplicado omitido (Modo Offline) -> Emp: 999 | Hora: 2026-09-17 09:44:01.926284
2026-09-17 09:44:01,930 | WARNING | Marcaje duplicado omitido (Modo Offline) -> Emp: 999 | Hora: 2026-09-17 09:44:01.926042
2026-09-17 09:44:01,931 | WARNING | Marcaje duplicado omitido (Modo Offline) -> Emp: 999 | Hora: 2026-09-17 09:44:01.923534
2026-09-17 09:44:01,931 | WARNING | Marcaje duplicado omitido (Modo Offline) -> Emp: 999 | Hora: 2026-09-17 09:44:01.925753
2026-09-17 09:44:01,931 | WARNING | Marcaje duplicado omitido (Modo Offline) -> Emp: 999 | Hora: 2026-09-17 09:44:01.925495
2026-09-17 09:44:01,934 | WARNING | Marcaje duplicado omitido (Modo Offline) -> Emp: 999 | Hora: 2026-09-17 09:44:01.926548
2026-09-17 09:44:01,935 | WARNING | Marcaje duplicado omitido (Modo Offline) -> Emp: 999 | Hora: 2026-09-17 09:44:01.926758
2026-09-17 09:44:01,936 | WARNING | Marcaje duplicado omitido (Modo Offline) -> Emp: 999 | Hora: 2026-09-17 09:44:01.926932
2026-09-17 09:44:01,940 | WARNING | Marcaje duplicado omitido (Modo Offline) -> Emp: 999 | Hora: 2026-09-17 09:44:01.927337
2026-09-17 09:44:01,944 | WARNING | Marcaje duplicado omitido (Modo Offline) -> Emp: 999 | Hora: 2026-09-17 09:44:01.927126
2026-09-17 09:44:01,945 | WARNING | Marcaje duplicado omitido (Modo Offline) -> Emp: 999 | Hora: 2026-09-17 09:44:01.928063
2026-09-17 09:44:01,946 | WARNING | Marcaje duplicado omitido (Modo Offline) -> Emp: 999 | Hora: 2026-09-17 09:44:01.928304
2026-09-17 09:44:02,078 | WARNING | Marcaje duplicado omitido (Modo Offline) -> Emp: 999 | Hora: 2026-09-17 09:44:02.068280
2026-09-17 09:44:02,080 | WARNING | Marcaje duplicado omitido (Modo Offline) -> Emp: 999 | Hora: 2026-09-17 09:44:02.067550
2026-09-17 09:44:02,080 | WARNING | Marcaje duplicado omitido (Modo Offline) -> Emp: 999 | Hora: 2026-09-17 09:44:02.067367
2026-09-17 09:44:02,086 | WARNING | Marcaje duplicado omitido (Modo Offline) -> Emp: 999 | Hora: 2026-09-17 09:44:02.068460
2026-09-17 09:44:02,087 | WARNING | Marcaje duplicado omitido (Modo Offline) -> Emp: 999 | Hora: 2026-09-17 09:44:02.068648
2026-09-17 09:44:02,087 | WARNING | Marcaje duplicado omitido (Modo Offline) -> Emp: 999 | Hora: 2026-09-17 09:44:02.067112
2026-09-17 09:44:02,087 | WARNING | Marcaje duplicado omitido (Modo Offline) -> Emp: 999 | Hora: 2026-09-17 09:44:02.068088
2026-09-17 09:44:02,088 | WARNING | Marcaje duplicado omitido (Modo Offline) -> Emp: 999 | Hora: 2026-09-17 09:44:02.067792
2026-09-17 09:44:02,090 | WARNING | Marcaje duplicado omitido (Modo Offline) -> Emp: 999 | Hora: 2026-09-17 09:44:02.068819
2026-09-17 09:44:02,100 | WARNING | Marcaje duplicado omitido (Modo Offline) -> Emp: 999 | Hora: 2026-09-17 09:44:02.070135
2026-09-17 09:44:02,102 | WARNING | Marcaje duplicado omitido (Modo Offline) -> Emp: 999 | Hora: 2026-09-17 09:44:02.070388
2026-09-17 09:44:02,108 | WARNING | Marcaje duplicado omitido (Modo Offline) -> Emp: 999 | Hora: 2026-09-17 09:44:02.072241
2026-09-17 09:44:02,111 | WARNING | Marcaje duplicado omitido (Modo Offline) -> Emp: 999 | Hora: 2026-09-17 09:44:02.072594
2026-09-17 09:44:02,112 | WARNING | Marcaje duplicado omitido (Modo Offline) -> Emp: 999 | Hora: 2026-09-17 09:44:02.072427
2026-09-17 09:44:02,113 | WARNING | Marcaje duplicado omitido (Modo Offline) -> Emp: 999 | Hora: 2026-09-17 09:44:02.072016
2026-09-17 09:44:02,141 | WARNING | Marcaje duplicado omitido (Modo Offline) -> Emp: 999 | Hora: 2026-09-17 09:44:02.072770
2026-09-17 09:44:02,141 | WARNING | Marcaje duplicado omitido (Modo Offline) -> Emp: 999 | Hora: 2026-09-17 09:44:02.073985
2026-09-17 09:44:02,142 | WARNING | Marcaje duplicado omitido (Modo Offline) -> Emp: 999 | Hora: 2026-09-17 09:44:02.073607
2026-09-17 09:44:02,142 | WARNING | Marcaje duplicado omitido (Modo Offline) -> Emp: 999 | Hora: 2026-09-17 09:44:02.073810
2026-09-17 09:44:02,153 | WARNING | Marcaje duplicado omitido (Modo Offline) -> Emp: 999 | Hora: 2026-09-17 09:44:02.074135
2026-09-17 09:44:02,157 | WARNING | Marcaje duplicado omitido (Modo Offline) -> Emp: 999 | Hora: 2026-09-17 09:44:02.074436
2026-09-17 09:44:02,158 | WARNING | Marcaje duplicado omitido (Modo Offline) -> Emp: 999 | Hora: 2026-09-17 09:44:02.074297
2026-09-17 09:44:02,160 | WARNING | Marcaje duplicado omitido (Modo Offline) -> Emp: 999 | Hora: 2026-09-17 09:44:02.074591
2026-09-17 09:44:02,160 | WARNING | Marcaje duplicado omitido (Modo Offline) -> Emp: 999 | Hora: 2026-09-17 09:44:02.074749
2026-09-17 09:44:02,160 | WARNING | Marcaje duplicado omitido (Modo Offline) -> Emp: 999 | Hora: 2026-09-17 09:44:02.074902
2026-09-17 09:44:02,176 | WARNING | Marcaje duplicado omitido (Modo Offline) -> Emp: 999 | Hora: 2026-09-17 09:44:02.075063
2026-09-17 09:44:02,178 | WARNING | Marcaje duplicado omitido (Modo Offline) -> Emp: 999 | Hora: 2026-09-17 09:44:02.075207
2026-09-17 09:44:02,178 | WARNING | Marcaje duplicado omitido (Modo Offline) -> Emp: 999 | Hora: 2026-09-17 09:44:02.075334
2026-09-17 09:44:02,179 | WARNING | Marcaje duplicado omitido (Modo Offline) -> Emp: 999 | Hora: 2026-09-17 09:44:02.075458
2026-09-17 09:44:02,179 | WARNING | Marcaje duplicado omitido (Modo Offline) -> Emp: 999 | Hora: 2026-09-17 09:44:02.075605
2026-09-17 09:44:02,190 | WARNING | Marcaje duplicado omitido (Modo Offline) -> Emp: 999 | Hora: 2026-09-17 09:44:02.075865
2026-09-17 09:44:02,191 | WARNING | Marcaje duplicado omitido (Modo Offline) -> Emp: 999 | Hora: 2026-09-17 09:44:02.075737
2026-09-17 09:44:02,193 | WARNING | Marcaje duplicado omitido (Modo Offline) -> Emp: 999 | Hora: 2026-09-17 09:44:02.076336
2026-09-17 09:44:02,193 | WARNING | Marcaje duplicado omitido (Modo Offline) -> Emp: 999 | Hora: 2026-09-17 09:44:02.076158
2026-09-17 09:44:02,193 | WARNING | Marcaje duplicado omitido (Modo Offline) -> Emp: 999 | Hora: 2026-09-17 09:44:02.076001
2026-09-17 09:44:02,194 | WARNING | Marcaje duplicado omitido (Modo Offline) -> Emp: 999 | Hora: 2026-09-17 09:44:02.082146
2026-09-17 09:44:02,194 | WARNING | Marcaje duplicado omitido (Modo Offline) -> Emp: 999 | Hora: 2026-09-17 09:44:02.079298
2026-09-17 09:44:02,211 | WARNING | Marcaje duplicado omitido (Modo Offline) -> Emp: 999 | Hora: 2026-09-17 09:44:02.082435
2026-09-17 09:44:02,214 | WARNING | Marcaje duplicado omitido (Modo Offline) -> Emp: 999 | Hora: 2026-09-17 09:44:02.082938
2026-09-17 09:44:02,214 | WARNING | Marcaje duplicado omitido (Modo Offline) -> Emp: 999 | Hora: 2026-09-17 09:44:02.083917
2026-09-17 09:44:02,215 | WARNING | Marcaje duplicado omitido (Modo Offline) -> Emp: 999 | Hora: 2026-09-17 09:44:02.083301
2026-09-17 09:44:02,224 | WARNING | Marcaje duplicado omitido (Modo Offline) -> Emp: 999 | Hora: 2026-09-17 09:44:02.084231
2026-09-17 09:44:02,224 | WARNING | Marcaje duplicado omitido (Modo Offline) -> Emp: 999 | Hora: 2026-09-17 09:44:02.085982
2026-09-17 09:44:02,605 | WARNING | Marcaje duplicado omitido (Modo Offline) -> Emp: 999 | Hora: 2026-09-17 09:44:02.604197
2026-09-17 09:44:02,606 | WARNING | Marcaje duplicado omitido (Modo Offline) -> Emp: 999 | Hora: 2026-09-17 09:44:02.603694
2026-09-17 09:44:02,606 | WARNING | Marcaje duplicado omitido (Modo Offline) -> Emp: 999 | Hora: 2026-09-17 09:44:02.604398
2026-09-17 09:44:02,606 | WARNING | Marcaje duplicado omitido (Modo Offline) -> Emp: 999 | Hora: 2026-09-17 09:44:02.604845
2026-09-17 09:44:02,768 | WARNING | Marcaje duplicado omitido (Modo Offline) -> Emp: 999 | Hora: 2026-09-17 09:44:02.767024
2026-09-17 09:44:02,788 | WARNING | Marcaje duplicado omitido (Modo Offline) -> Emp: 999 | Hora: 2026-09-17 09:44:02.775734
2026-09-17 09:44:02,790 | WARNING | Marcaje duplicado omitido (Modo Offline) -> Emp: 999 | Hora: 2026-09-17 09:44:02.775976
2026-09-17 09:44:02,793 | WARNING | Marcaje duplicado omitido (Modo Offline) -> Emp: 999 | Hora: 2026-09-17 09:44:02.776997
2026-09-17 09:44:02,794 | WARNING | Marcaje duplicado omitido (Modo Offline) -> Emp: 999 | Hora: 2026-09-17 09:44:02.787007
2026-09-17 09:44:02,795 | WARNING | Marcaje duplicado omitido (Modo Offline) -> Emp: 999 | Hora: 2026-09-17 09:44:02.786698
2026-09-17 09:44:02,794 | WARNING | Marcaje duplicado omitido (Modo Offline) -> Emp: 999 | Hora: 2026-09-17 09:44:02.789147
2026-09-17 09:44:02,795 | WARNING | Marcaje duplicado omitido (Modo Offline) -> Emp: 999 | Hora: 2026-09-17 09:44:02.789415
2026-09-17 09:44:02,795 | WARNING | Marcaje duplicado omitido (Modo Offline) -> Emp: 999 | Hora: 2026-09-17 09:44:02.787158
2026-09-17 09:44:02,797 | WARNING | Marcaje duplicado omitido (Modo Offline) -> Emp: 999 | Hora: 2026-09-17 09:44:02.789643
2026-09-17 09:44:02,798 | WARNING | Marcaje duplicado omitido (Modo Offline) -> Emp: 999 | Hora: 2026-09-17 09:44:02.789886
2026-09-17 09:44:02,799 | WARNING | Marcaje duplicado omitido (Modo Offline) -> Emp: 999 | Hora: 2026-09-17 09:44:02.791331
2026-09-17 09:44:02,826 | WARNING | Marcaje duplicado omitido (Modo Offline) -> Emp: 999 | Hora: 2026-09-17 09:44:02.822778
2026-09-17 09:44:02,827 | WARNING | Marcaje duplicado omitido (Modo Offline) -> Emp: 999 | Hora: 2026-09-17 09:44:02.822195
2026-09-17 09:44:02,827 | WARNING | Marcaje duplicado omitido (Modo Offline) -> Emp: 999 | Hora: 2026-09-17 09:44:02.823473
2026-09-17 09:44:02,826 | WARNING | Marcaje duplicado omitido (Modo Offline) -> Emp: 999 | Hora: 2026-09-17 09:44:02.822402
2026-09-17 09:44:02,827 | WARNING | Marcaje duplicado omitido (Modo Offline) -> Emp: 999 | Hora: 2026-09-17 09:44:02.823296
2026-09-17 09:44:02,827 | WARNING | Marcaje duplicado omitido (Modo Offline) -> Emp: 999 | Hora: 2026-09-17 09:44:02.822951
2026-09-17 09:44:02,828 | WARNING | Marcaje duplicado omitido (Modo Offline) -> Emp: 999 | Hora: 2026-09-17 09:44:02.823125
2026-09-17 09:44:02,830 | WARNING | Marcaje duplicado omitido (Modo Offline) -> Emp: 999 | Hora: 2026-09-17 09:44:02.822598
2026-09-17 09:44:02,832 | WARNING | Marcaje duplicado omitido (Modo Offline) -> Emp: 999 | Hora: 2026-09-17 09:44:02.823645
2026-09-17 09:44:02,832 | WARNING | Marcaje duplicado omitido (Modo Offline) -> Emp: 999 | Hora: 2026-09-17 09:44:02.824881
2026-09-17 09:44:02,886 | WARNING | Marcaje duplicado omitido (Modo Offline) -> Emp: 999 | Hora: 2026-09-17 09:44:02.882513
2026-09-17 09:44:02,896 | WARNING | Marcaje duplicado omitido (Modo Offline) -> Emp: 999 | Hora: 2026-09-17 09:44:02.883847
2026-09-17 09:44:02,887 | WARNING | Marcaje duplicado omitido (Modo Offline) -> Emp: 999 | Hora: 2026-09-17 09:44:02.884795
2026-09-17 09:44:02,897 | WARNING | Marcaje duplicado omitido (Modo Offline) -> Emp: 999 | Hora: 2026-09-17 09:44:02.884979
2026-09-17 09:44:02,897 | WARNING | Marcaje duplicado omitido (Modo Offline) -> Emp: 999 | Hora: 2026-09-17 09:44:02.884594
2026-09-17 09:44:02,899 | WARNING | Marcaje duplicado omitido (Modo Offline) -> Emp: 999 | Hora: 2026-09-17 09:44:02.886249
2026-09-17 09:44:02,899 | WARNING | Marcaje duplicado omitido (Modo Offline) -> Emp: 999 | Hora: 2026-09-17 09:44:02.885131
2026-09-17 09:44:02,899 | WARNING | Marcaje duplicado omitido (Modo Offline) -> Emp: 999 | Hora: 2026-09-17 09:44:02.886027
2026-09-17 09:44:02,900 | WARNING | Marcaje duplicado omitido (Modo Offline) -> Emp: 999 | Hora: 2026-09-17 09:44:02.886398
2026-09-17 09:44:03,149 | WARNING | Marcaje duplicado omitido (Modo Offline) -> Emp: 999 | Hora: 2026-09-17 09:44:03.147028
2026-09-17 09:44:03,150 | WARNING | Marcaje duplicado omitido (Modo Offline) -> Emp: 999 | Hora: 2026-09-17 09:44:03.146071
2026-09-17 09:44:03,150 | WARNING | Marcaje duplicado omitido (Modo Offline) -> Emp: 999 | Hora: 2026-09-17 09:44:03.147492
2026-09-17 09:44:03,151 | WARNING | Marcaje duplicado omitido (Modo Offline) -> Emp: 999 | Hora: 2026-09-17 09:44:03.148966
2026-09-17 09:44:03,151 | WARNING | Marcaje duplicado omitido (Modo Offline) -> Emp: 999 | Hora: 2026-09-17 09:44:03.148719
2026-09-17 09:44:03,153 | WARNING | Marcaje duplicado omitido (Modo Offline) -> Emp: 999 | Hora: 2026-09-17 09:44:03.148837
2026-09-17 09:44:03,153 | WARNING | Marcaje duplicado omitido (Modo Offline) -> Emp: 999 | Hora: 2026-09-17 09:44:03.148556
2026-09-17 09:44:03,254 | WARNING | Marcaje duplicado omitido (Modo Offline) -> Emp: 999 | Hora: 2026-09-17 09:44:03.248411
2026-09-17 09:44:03,254 | WARNING | Marcaje duplicado omitido (Modo Offline) -> Emp: 999 | Hora: 2026-09-17 09:44:03.251008
2026-09-17 09:44:03,255 | WARNING | Marcaje duplicado omitido (Modo Offline) -> Emp: 999 | Hora: 2026-09-17 09:44:03.250102
2026-09-17 09:44:03,255 | WARNING | Marcaje duplicado omitido (Modo Offline) -> Emp: 999 | Hora: 2026-09-17 09:44:03.249934
2026-09-17 09:44:03,255 | WARNING | Marcaje duplicado omitido (Modo Offline) -> Emp: 999 | Hora: 2026-09-17 09:44:03.249268
2026-09-17 09:44:03,255 | WARNING | Marcaje duplicado omitido (Modo Offline) -> Emp: 999 | Hora: 2026-09-17 09:44:03.251123
2026-09-17 09:44:03,256 | WARNING | Marcaje duplicado omitido (Modo Offline) -> Emp: 999 | Hora: 2026-09-17 09:44:03.250721
2026-09-17 09:44:03,256 | WARNING | Marcaje duplicado omitido (Modo Offline) -> Emp: 999 | Hora: 2026-09-17 09:44:03.250869
2026-09-17 09:44:03,258 | WARNING | Marcaje duplicado omitido (Modo Offline) -> Emp: 999 | Hora: 2026-09-17 09:44:03.251232
2026-09-17 09:44:03,451 | WARNING | Marcaje duplicado omitido (Modo Offline) -> Emp: 999 | Hora: 2026-09-17 09:44:03.449010
2026-09-17 09:44:03,457 | WARNING | Marcaje duplicado omitido (Modo Offline) -> Emp: 999 | Hora: 2026-09-17 09:44:03.455691
2026-09-17 09:44:03,462 | WARNING | Marcaje duplicado omitido (Modo Offline) -> Emp: 999 | Hora: 2026-09-17 09:44:03.460375
2026-09-17 09:44:03,462 | WARNING | Marcaje duplicado omitido (Modo Offline) -> Emp: 999 | Hora: 2026-09-17 09:44:03.460945
2026-09-17 09:44:03,463 | WARNING | Marcaje duplicado omitido (Modo Offline) -> Emp: 999 | Hora: 2026-09-17 09:44:03.461676
2026-09-17 09:44:03,463 | WARNING | Marcaje duplicado omitido (Modo Offline) -> Emp: 999 | Hora: 2026-09-17 09:44:03.461173
2026-09-17 09:44:03,508 | WARNING | Marcaje duplicado omitido (Modo Offline) -> Emp: 999 | Hora: 2026-09-17 09:44:03.503609
2026-09-17 09:44:03,510 | WARNING | Marcaje duplicado omitido (Modo Offline) -> Emp: 999 | Hora: 2026-09-17 09:44:03.505678
2026-09-17 09:44:03,518 | WARNING | Marcaje duplicado omitido (Modo Offline) -> Emp: 999 | Hora: 2026-09-17 09:44:03.510522
2026-09-17 09:44:03,519 | WARNING | Marcaje duplicado omitido (Modo Offline) -> Emp: 999 | Hora: 2026-09-17 09:44:03.510780
2026-09-17 09:44:03,536 | WARNING | Marcaje duplicado omitido (Modo Offline) -> Emp: 999 | Hora: 2026-09-17 09:44:03.534421
2026-09-17 09:44:03,560 | WARNING | Marcaje duplicado omitido (Modo Offline) -> Emp: 999 | Hora: 2026-09-17 09:44:03.556258
2026-09-17 09:44:03,560 | WARNING | Marcaje duplicado omitido (Modo Offline) -> Emp: 999 | Hora: 2026-09-17 09:44:03.556002
2026-09-17 09:44:03,571 | WARNING | Marcaje duplicado omitido (Modo Offline) -> Emp: 999 | Hora: 2026-09-17 09:44:03.564519
2026-09-17 09:44:03,572 | WARNING | Marcaje duplicado omitido (Modo Offline) -> Emp: 999 | Hora: 2026-09-17 09:44:03.564128
2026-09-17 09:44:03,572 | WARNING | Marcaje duplicado omitido (Modo Offline) -> Emp: 999 | Hora: 2026-09-17 09:44:03.564713
2026-09-17 09:44:03,572 | WARNING | Marcaje duplicado omitido (Modo Offline) -> Emp: 999 | Hora: 2026-09-17 09:44:03.564327
2026-09-17 09:44:03,572 | WARNING | Marcaje duplicado omitido (Modo Offline) -> Emp: 999 | Hora: 2026-09-17 09:44:03.564906
2026-09-17 09:44:03,572 | WARNING | Marcaje duplicado omitido (Modo Offline) -> Emp: 999 | Hora: 2026-09-17 09:44:03.563876
2026-09-17 09:44:03,581 | WARNING | Marcaje duplicado omitido (Modo Offline) -> Emp: 999 | Hora: 2026-09-17 09:44:03.577317
2026-09-17 09:44:03,584 | WARNING | Marcaje duplicado omitido (Modo Offline) -> Emp: 999 | Hora: 2026-09-17 09:44:03.577516
2026-09-17 09:44:03,584 | WARNING | Marcaje duplicado omitido (Modo Offline) -> Emp: 999 | Hora: 2026-09-17 09:44:03.577120
2026-09-17 09:44:03,590 | WARNING | Marcaje duplicado omitido (Modo Offline) -> Emp: 999 | Hora: 2026-09-17 09:44:03.577700
2026-09-17 09:44:03,590 | WARNING | Marcaje duplicado omitido (Modo Offline) -> Emp: 999 | Hora: 2026-09-17 09:44:03.576647
2026-09-17 09:44:03,591 | WARNING | Marcaje duplicado omitido (Modo Offline) -> Emp: 999 | Hora: 2026-09-17 09:44:03.578047
2026-09-17 09:44:03,591 | WARNING | Marcaje duplicado omitido (Modo Offline) -> Emp: 999 | Hora: 2026-09-17 09:44:03.576910
2026-09-17 09:44:03,597 | WARNING | Marcaje duplicado omitido (Modo Offline) -> Emp: 999 | Hora: 2026-09-17 09:44:03.577881
2026-09-17 09:44:03,597 | WARNING | Marcaje duplicado omitido (Modo Offline) -> Emp: 999 | Hora: 2026-09-17 09:44:03.578580
2026-09-17 09:44:03,598 | WARNING | Marcaje duplicado omitido (Modo Offline) -> Emp: 999 | Hora: 2026-09-17 09:44:03.578201
2026-09-17 09:44:03,598 | WARNING | Marcaje duplicado omitido (Modo Offline) -> Emp: 999 | Hora: 2026-09-17 09:44:03.578379
2026-09-17 09:44:03,599 | WARNING | Marcaje duplicado omitido (Modo Offline) -> Emp: 999 | Hora: 2026-09-17 09:44:03.585661
2026-09-17 09:44:03,600 | WARNING | Marcaje duplicado omitido (Modo Offline) -> Emp: 999 | Hora: 2026-09-17 09:44:03.585363
2026-09-17 09:44:03,603 | WARNING | Marcaje duplicado omitido (Modo Offline) -> Emp: 999 | Hora: 2026-09-17 09:44:03.585889
2026-09-17 09:44:03,608 | WARNING | Marcaje duplicado omitido (Modo Offline) -> Emp: 999 | Hora: 2026-09-17 09:44:03.586091
2026-09-17 09:44:03,610 | WARNING | Marcaje duplicado omitido (Modo Offline) -> Emp: 999 | Hora: 2026-09-17 09:44:03.586476
2026-09-17 09:44:03,611 | WARNING | Marcaje duplicado omitido (Modo Offline) -> Emp: 999 | Hora: 2026-09-17 09:44:03.587183
2026-09-17 09:44:03,613 | WARNING | Marcaje duplicado omitido (Modo Offline) -> Emp: 999 | Hora: 2026-09-17 09:44:03.586937
2026-09-17 09:44:03,614 | WARNING | Marcaje duplicado omitido (Modo Offline) -> Emp: 999 | Hora: 2026-09-17 09:44:03.587400
2026-09-17 09:44:03,615 | WARNING | Marcaje duplicado omitido (Modo Offline) -> Emp: 999 | Hora: 2026-09-17 09:44:03.586286
2026-09-17 09:44:03,617 | WARNING | Marcaje duplicado omitido (Modo Offline) -> Emp: 999 | Hora: 2026-09-17 09:44:03.588399
2026-09-17 09:44:03,621 | WARNING | Marcaje duplicado omitido (Modo Offline) -> Emp: 999 | Hora: 2026-09-17 09:44:03.588663
2026-09-17 09:44:03,625 | WARNING | Marcaje duplicado omitido (Modo Offline) -> Emp: 999 | Hora: 2026-09-17 09:44:03.588956
2026-09-17 09:44:03,698 | WARNING | Marcaje duplicado omitido (Modo Offline) -> Emp: 999 | Hora: 2026-09-17 09:44:03.589176
2026-09-17 09:44:03,714 | WARNING | Marcaje duplicado omitido (Modo Offline) -> Emp: 999 | Hora: 2026-09-17 09:44:03.589384
2026-09-17 09:44:03,727 | WARNING | Marcaje duplicado omitido (Modo Offline) -> Emp: 999 | Hora: 2026-09-17 09:44:03.589615
2026-09-17 09:44:03,738 | WARNING | Marcaje duplicado omitido (Modo Offline) -> Emp: 999 | Hora: 2026-09-17 09:44:03.589817
2026-09-17 09:44:03,740 | WARNING | Marcaje duplicado omitido (Modo Offline) -> Emp: 999 | Hora: 2026-09-17 09:44:03.589991
2026-09-17 09:44:03,788 | WARNING | Marcaje duplicado omitido (Modo Offline) -> Emp: 999 | Hora: 2026-09-17 09:44:03.786550
2026-09-17 09:44:03,789 | WARNING | Marcaje duplicado omitido (Modo Offline) -> Emp: 999 | Hora: 2026-09-17 09:44:03.786809
2026-09-17 09:44:04,256 | WARNING | Marcaje duplicado omitido (Modo Offline) -> Emp: 999 | Hora: 2026-09-17 09:44:04.254282
2026-09-17 09:44:04,278 | WARNING | Marcaje duplicado omitido (Modo Offline) -> Emp: 999 | Hora: 2026-09-17 09:44:04.265286
2026-09-17 09:44:04,282 | WARNING | Marcaje duplicado omitido (Modo Offline) -> Emp: 999 | Hora: 2026-09-17 09:44:04.273020
2026-09-17 09:44:04,285 | WARNING | Marcaje duplicado omitido (Modo Offline) -> Emp: 999 | Hora: 2026-09-17 09:44:04.277413
2026-09-17 09:44:04,286 | WARNING | Marcaje duplicado omitido (Modo Offline) -> Emp: 999 | Hora: 2026-09-17 09:44:04.279039
2026-09-17 09:44:04,286 | WARNING | Marcaje duplicado omitido (Modo Offline) -> Emp: 999 | Hora: 2026-09-17 09:44:04.275468
2026-09-17 09:44:04,287 | WARNING | Marcaje duplicado omitido (Modo Offline) -> Emp: 999 | Hora: 2026-09-17 09:44:04.277658
2026-09-17 09:44:04,287 | WARNING | Marcaje duplicado omitido (Modo Offline) -> Emp: 999 | Hora: 2026-09-17 09:44:04.275292
2026-09-17 09:44:04,287 | WARNING | Marcaje duplicado omitido (Modo Offline) -> Emp: 999 | Hora: 2026-09-17 09:44:04.279271
2026-09-17 09:44:04,288 | WARNING | Marcaje duplicado omitido (Modo Offline) -> Emp: 999 | Hora: 2026-09-17 09:44:04.279476
2026-09-17 09:44:04,292 | WARNING | Marcaje duplicado omitido (Modo Offline) -> Emp: 999 | Hora: 2026-09-17 09:44:04.279678
2026-09-17 09:44:04,292 | WARNING | Marcaje duplicado omitido (Modo Offline) -> Emp: 999 | Hora: 2026-09-17 09:44:04.279864
2026-09-17 09:44:04,293 | WARNING | Marcaje duplicado omitido (Modo Offline) -> Emp: 999 | Hora: 2026-09-17 09:44:04.280055
2026-09-17 09:44:04,294 | WARNING | Marcaje duplicado omitido (Modo Offline) -> Emp: 999 | Hora: 2026-09-17 09:44:04.280248
2026-09-17 09:44:04,295 | WARNING | Marcaje duplicado omitido (Modo Offline) -> Emp: 999 | Hora: 2026-09-17 09:44:04.281215
2026-09-17 09:44:04,296 | WARNING | Marcaje duplicado omitido (Modo Offline) -> Emp: 999 | Hora: 2026-09-17 09:44:04.281400
2026-09-17 09:44:04,297 | WARNING | Marcaje duplicado omitido (Modo Offline) -> Emp: 999 | Hora: 2026-09-17 09:44:04.281549
2026-09-17 09:44:04,297 | WARNING | Marcaje duplicado omitido (Modo Offline) -> Emp: 999 | Hora: 2026-09-17 09:44:04.281711
2026-09-17 09:44:04,298 | WARNING | Marcaje duplicado omitido (Modo Offline) -> Emp: 999 | Hora: 2026-09-17 09:44:04.281894
2026-09-17 09:44:04,302 | WARNING | Marcaje duplicado omitido (Modo Offline) -> Emp: 999 | Hora: 2026-09-17 09:44:04.282083
2026-09-17 09:44:04,303 | WARNING | Marcaje duplicado omitido (Modo Offline) -> Emp: 999 | Hora: 2026-09-17 09:44:04.283391
2026-09-17 09:44:04,496 | WARNING | Marcaje duplicado omitido (Modo Offline) -> Emp: 999 | Hora: 2026-09-17 09:44:04.494964
2026-09-17 09:44:04,524 | WARNING | Marcaje duplicado omitido (Modo Offline) -> Emp: 999 | Hora: 2026-09-17 09:44:04.514865
2026-09-17 09:44:04,524 | WARNING | Marcaje duplicado omitido (Modo Offline) -> Emp: 999 | Hora: 2026-09-17 09:44:04.515381
2026-09-17 09:44:04,525 | WARNING | Marcaje duplicado omitido (Modo Offline) -> Emp: 999 | Hora: 2026-09-17 09:44:04.520978
2026-09-17 09:44:04,525 | WARNING | Marcaje duplicado omitido (Modo Offline) -> Emp: 999 | Hora: 2026-09-17 09:44:04.520729
2026-09-17 09:44:04,526 | WARNING | Marcaje duplicado omitido (Modo Offline) -> Emp: 999 | Hora: 2026-09-17 09:44:04.521764
2026-09-17 09:44:04,526 | WARNING | Marcaje duplicado omitido (Modo Offline) -> Emp: 999 | Hora: 2026-09-17 09:44:04.521379
2026-09-17 09:44:04,528 | WARNING | Marcaje duplicado omitido (Modo Offline) -> Emp: 999 | Hora: 2026-09-17 09:44:04.521582
2026-09-17 09:44:04,528 | WARNING | Marcaje duplicado omitido (Modo Offline) -> Emp: 999 | Hora: 2026-09-17 09:44:04.521938
2026-09-17 09:44:04,529 | WARNING | Marcaje duplicado omitido (Modo Offline) -> Emp: 999 | Hora: 2026-09-17 09:44:04.522113
2026-09-17 09:44:04,535 | WARNING | Marcaje duplicado omitido (Modo Offline) -> Emp: 999 | Hora: 2026-09-17 09:44:04.522468
2026-09-17 09:44:04,536 | WARNING | Marcaje duplicado omitido (Modo Offline) -> Emp: 999 | Hora: 2026-09-17 09:44:04.522297
2026-09-17 09:44:04,539 | WARNING | Marcaje duplicado omitido (Modo Offline) -> Emp: 999 | Hora: 2026-09-17 09:44:04.522913
2026-09-17 09:44:04,539 | WARNING | Marcaje duplicado omitido (Modo Offline) -> Emp: 999 | Hora: 2026-09-17 09:44:04.522688
2026-09-17 09:44:04,652 | WARNING | Marcaje duplicado omitido (Modo Offline) -> Emp: 999 | Hora: 2026-09-17 09:44:04.648811
2026-09-17 09:44:04,652 | WARNING | Marcaje duplicado omitido (Modo Offline) -> Emp: 999 | Hora: 2026-09-17 09:44:04.647801
2026-09-17 09:44:04,652 | WARNING | Marcaje duplicado omitido (Modo Offline) -> Emp: 999 | Hora: 2026-09-17 09:44:04.648638
2026-09-17 09:44:04,653 | WARNING | Marcaje duplicado omitido (Modo Offline) -> Emp: 999 | Hora: 2026-09-17 09:44:04.650675
2026-09-17 09:44:04,654 | WARNING | Marcaje duplicado omitido (Modo Offline) -> Emp: 999 | Hora: 2026-09-17 09:44:04.649999
2026-09-17 09:44:04,654 | WARNING | Marcaje duplicado omitido (Modo Offline) -> Emp: 999 | Hora: 2026-09-17 09:44:04.650474
2026-09-17 09:44:04,654 | WARNING | Marcaje duplicado omitido (Modo Offline) -> Emp: 999 | Hora: 2026-09-17 09:44:04.650260
2026-09-17 09:44:05,043 | WARNING | Marcaje duplicado omitido (Modo Offline) -> Emp: 999 | Hora: 2026-09-17 09:44:05.034237
2026-09-17 09:44:05,046 | WARNING | Marcaje duplicado omitido (Modo Offline) -> Emp: 999 | Hora: 2026-09-17 09:44:05.041843
2026-09-17 09:44:05,044 | WARNING | Marcaje duplicado omitido (Modo Offline) -> Emp: 999 | Hora: 2026-09-17 09:44:05.041696
2026-09-17 09:44:05,044 | WARNING | Marcaje duplicado omitido (Modo Offline) -> Emp: 999 | Hora: 2026-09-17 09:44:05.042117
2026-09-17 09:44:05,046 | WARNING | Marcaje duplicado omitido (Modo Offline) -> Emp: 999 | Hora: 2026-09-17 09:44:05.041980
2026-09-17 09:44:05,047 | WARNING | Marcaje duplicado omitido (Modo Offline) -> Emp: 999 | Hora: 2026-09-17 09:44:05.042710
2026-09-17 09:44:05,048 | WARNING | Marcaje duplicado omitido (Modo Offline) -> Emp: 999 | Hora: 2026-09-17 09:44:05.043006
2026-09-17 09:44:05,051 | WARNING | Marcaje duplicado omitido (Modo Offline) -> Emp: 999 | Hora: 2026-09-17 09:44:05.042838
2026-09-17 09:44:05,051 | WARNING | Marcaje duplicado omitido (Modo Offline) -> Emp: 999 | Hora: 2026-09-17 09:44:05.041511
2026-09-17 09:44:05,118 | WARNING | Marcaje duplicado omitido (Modo Offline) -> Emp: 999 | Hora: 2026-09-17 09:44:05.112650
2026-09-17 09:44:05,121 | WARNING | Marcaje duplicado omitido (Modo Offline) -> Emp: 999 | Hora: 2026-09-17 09:44:05.117773
2026-09-17 09:44:05,122 | WARNING | Marcaje duplicado omitido (Modo Offline) -> Emp: 999 | Hora: 2026-09-17 09:44:05.117565
2026-09-17 09:44:05,123 | WARNING | Marcaje duplicado omitido (Modo Offline) -> Emp: 999 | Hora: 2026-09-17 09:44:05.118856
2026-09-17 09:44:05,123 | WARNING | Marcaje duplicado omitido (Modo Offline) -> Emp: 999 | Hora: 2026-09-17 09:44:05.119086
2026-09-17 09:44:05,124 | WARNING | Marcaje duplicado omitido (Modo Offline) -> Emp: 999 | Hora: 2026-09-17 09:44:05.118583
2026-09-17 09:44:05,188 | WARNING | Marcaje duplicado omitido (Modo Offline) -> Emp: 999 | Hora: 2026-09-17 09:44:05.187297
2026-09-17 09:44:05,188 | WARNING | Marcaje duplicado omitido (Modo Offline) -> Emp: 999 | Hora: 2026-09-17 09:44:05.187147
2026-09-17 09:44:05,250 | WARNING | Marcaje duplicado omitido (Modo Offline) -> Emp: 999 | Hora: 2026-09-17 09:44:05.243673
2026-09-17 09:44:05,251 | WARNING | Marcaje duplicado omitido (Modo Offline) -> Emp: 999 | Hora: 2026-09-17 09:44:05.246132
2026-09-17 09:44:05,252 | WARNING | Marcaje duplicado omitido (Modo Offline) -> Emp: 999 | Hora: 2026-09-17 09:44:05.245847
2026-09-17 09:44:05,252 | WARNING | Marcaje duplicado omitido (Modo Offline) -> Emp: 999 | Hora: 2026-09-17 09:44:05.241276
2026-09-17 09:44:05,252 | WARNING | Marcaje duplicado omitido (Modo Offline) -> Emp: 999 | Hora: 2026-09-17 09:44:05.245986
2026-09-17 09:44:05,253 | WARNING | Marcaje duplicado omitido (Modo Offline) -> Emp: 999 | Hora: 2026-09-17 09:44:05.243998
2026-09-17 09:44:05,254 | WARNING | Marcaje duplicado omitido (Modo Offline) -> Emp: 999 | Hora: 2026-09-17 09:44:05.245695
2026-09-17 09:44:05,255 | WARNING | Marcaje duplicado omitido (Modo Offline) -> Emp: 999 | Hora: 2026-09-17 09:44:05.246967
2026-09-17 09:44:05,255 | WARNING | Marcaje duplicado omitido (Modo Offline) -> Emp: 999 | Hora: 2026-09-17 09:44:05.247141
2026-09-17 09:44:05,256 | WARNING | Marcaje duplicado omitido (Modo Offline) -> Emp: 999 | Hora: 2026-09-17 09:44:05.247270
2026-09-17 09:44:05,262 | WARNING | Marcaje duplicado omitido (Modo Offline) -> Emp: 999 | Hora: 2026-09-17 09:44:05.247387
2026-09-17 09:44:05,264 | WARNING | Marcaje duplicado omitido (Modo Offline) -> Emp: 999 | Hora: 2026-09-17 09:44:05.247496
2026-09-17 09:44:05,265 | WARNING | Marcaje duplicado omitido (Modo Offline) -> Emp: 999 | Hora: 2026-09-17 09:44:05.247601
2026-09-17 09:44:05,270 | WARNING | Marcaje duplicado omitido (Modo Offline) -> Emp: 999 | Hora: 2026-09-17 09:44:05.247704
2026-09-17 09:44:05,271 | WARNING | Marcaje duplicado omitido (Modo Offline) -> Emp: 999 | Hora: 2026-09-17 09:44:05.247805
2026-09-17 09:44:05,272 | WARNING | Marcaje duplicado omitido (Modo Offline) -> Emp: 999 | Hora: 2026-09-17 09:44:05.247906
2026-09-17 09:44:05,275 | WARNING | Marcaje duplicado omitido (Modo Offline) -> Emp: 999 | Hora: 2026-09-17 09:44:05.248717
2026-09-17 09:44:05,275 | WARNING | Marcaje duplicado omitido (Modo Offline) -> Emp: 999 | Hora: 2026-09-17 09:44:05.248869
2026-09-17 09:44:05,276 | WARNING | Marcaje duplicado omitido (Modo Offline) -> Emp: 999 | Hora: 2026-09-17 09:44:05.248987
2026-09-17 09:44:05,277 | WARNING | Marcaje duplicado omitido (Modo Offline) -> Emp: 999 | Hora: 2026-09-17 09:44:05.249142
2026-09-17 09:44:05,326 | WARNING | Marcaje duplicado omitido (Modo Offline) -> Emp: 999 | Hora: 2026-09-17 09:44:05.319949
2026-09-17 09:44:05,337 | WARNING | Marcaje duplicado omitido (Modo Offline) -> Emp: 999 | Hora: 2026-09-17 09:44:05.329060
2026-09-17 09:44:05,340 | WARNING | Marcaje duplicado omitido (Modo Offline) -> Emp: 999 | Hora: 2026-09-17 09:44:05.328910
2026-09-17 09:44:05,342 | WARNING | Marcaje duplicado omitido (Modo Offline) -> Emp: 999 | Hora: 2026-09-17 09:44:05.337770
2026-09-17 09:44:05,352 | WARNING | Marcaje duplicado omitido (Modo Offline) -> Emp: 999 | Hora: 2026-09-17 09:44:05.338287
2026-09-17 09:44:05,355 | WARNING | Marcaje duplicado omitido (Modo Offline) -> Emp: 999 | Hora: 2026-09-17 09:44:05.345099
2026-09-17 09:44:05,355 | WARNING | Marcaje duplicado omitido (Modo Offline) -> Emp: 999 | Hora: 2026-09-17 09:44:05.338048
2026-09-17 09:44:05,355 | WARNING | Marcaje duplicado omitido (Modo Offline) -> Emp: 999 | Hora: 2026-09-17 09:44:05.344234
2026-09-17 09:44:05,355 | WARNING | Marcaje duplicado omitido (Modo Offline) -> Emp: 999 | Hora: 2026-09-17 09:44:05.340895
2026-09-17 09:44:05,358 | WARNING | Marcaje duplicado omitido (Modo Offline) -> Emp: 999 | Hora: 2026-09-17 09:44:05.343311
2026-09-17 09:44:05,358 | WARNING | Marcaje duplicado omitido (Modo Offline) -> Emp: 999 | Hora: 2026-09-17 09:44:05.333453
2026-09-17 09:44:05,359 | WARNING | Marcaje duplicado omitido (Modo Offline) -> Emp: 999 | Hora: 2026-09-17 09:44:05.345418
2026-09-17 09:44:05,361 | WARNING | Marcaje duplicado omitido (Modo Offline) -> Emp: 999 | Hora: 2026-09-17 09:44:05.347504
2026-09-17 09:44:05,366 | WARNING | Marcaje duplicado omitido (Modo Offline) -> Emp: 999 | Hora: 2026-09-17 09:44:05.348022
2026-09-17 09:44:05,369 | WARNING | Marcaje duplicado omitido (Modo Offline) -> Emp: 999 | Hora: 2026-09-17 09:44:05.348403
2026-09-17 09:44:05,370 | WARNING | Marcaje duplicado omitido (Modo Offline) -> Emp: 999 | Hora: 2026-09-17 09:44:05.348665
2026-09-17 09:44:05,371 | WARNING | Marcaje duplicado omitido (Modo Offline) -> Emp: 999 | Hora: 2026-09-17 09:44:05.348928
2026-09-17 09:44:05,372 | WARNING | Marcaje duplicado omitido (Modo Offline) -> Emp: 999 | Hora: 2026-09-17 09:44:05.349166
2026-09-17 09:44:05,378 | WARNING | Marcaje duplicado omitido (Modo Offline) -> Emp: 999 | Hora: 2026-09-17 09:44:05.349808
2026-09-17 09:44:05,378 | WARNING | Marcaje duplicado omitido (Modo Offline) -> Emp: 999 | Hora: 2026-09-17 09:44:05.350051
2026-09-17 09:44:05,382 | WARNING | Marcaje duplicado omitido (Modo Offline) -> Emp: 999 | Hora: 2026-09-17 09:44:05.350308
2026-09-17 09:44:05,822 | WARNING | Marcaje duplicado omitido (Modo Offline) -> Emp: 999 | Hora: 2026-09-17 09:44:05.817509
2026-09-17 09:44:05,833 | WARNING | Marcaje duplicado omitido (Modo Offline) -> Emp: 999 | Hora: 2026-09-17 09:44:05.831511
2026-09-17 09:44:05,847 | WARNING | Marcaje duplicado omitido (Modo Offline) -> Emp: 999 | Hora: 2026-09-17 09:44:05.839318
2026-09-17 09:44:05,848 | WARNING | Marcaje duplicado omitido (Modo Offline) -> Emp: 999 | Hora: 2026-09-17 09:44:05.840217
2026-09-17 09:44:05,850 | WARNING | Marcaje duplicado omitido (Modo Offline) -> Emp: 999 | Hora: 2026-09-17 09:44:05.840076
2026-09-17 09:44:05,851 | WARNING | Marcaje duplicado omitido (Modo Offline) -> Emp: 999 | Hora: 2026-09-17 09:44:05.839926
2026-09-17 09:44:05,852 | WARNING | Marcaje duplicado omitido (Modo Offline) -> Emp: 999 | Hora: 2026-09-17 09:44:05.842128
2026-09-17 09:44:05,854 | WARNING | Marcaje duplicado omitido (Modo Offline) -> Emp: 999 | Hora: 2026-09-17 09:44:05.842340
2026-09-17 09:44:05,854 | WARNING | Marcaje duplicado omitido (Modo Offline) -> Emp: 999 | Hora: 2026-09-17 09:44:05.842536
2026-09-17 09:44:05,855 | WARNING | Marcaje duplicado omitido (Modo Offline) -> Emp: 999 | Hora: 2026-09-17 09:44:05.843436
2026-09-17 09:44:05,855 | WARNING | Marcaje duplicado omitido (Modo Offline) -> Emp: 999 | Hora: 2026-09-17 09:44:05.843634
2026-09-17 09:44:05,857 | WARNING | Marcaje duplicado omitido (Modo Offline) -> Emp: 999 | Hora: 2026-09-17 09:44:05.843889
2026-09-17 09:44:05,858 | WARNING | Marcaje duplicado omitido (Modo Offline) -> Emp: 999 | Hora: 2026-09-17 09:44:05.845881
2026-09-17 09:44:05,859 | WARNING | Marcaje duplicado omitido (Modo Offline) -> Emp: 999 | Hora: 2026-09-17 09:44:05.846198
2026-09-17 09:44:05,859 | WARNING | Marcaje duplicado omitido (Modo Offline) -> Emp: 999 | Hora: 2026-09-17 09:44:05.846071
2026-09-17 09:44:05,862 | WARNING | Marcaje duplicado omitido (Modo Offline) -> Emp: 999 | Hora: 2026-09-17 09:44:05.846298
2026-09-17 09:44:05,863 | WARNING | Marcaje duplicado omitido (Modo Offline) -> Emp: 999 | Hora: 2026-09-17 09:44:05.846390
2026-09-17 09:44:05,864 | WARNING | Marcaje duplicado omitido (Modo Offline) -> Emp: 999 | Hora: 2026-09-17 09:44:05.846480
2026-09-17 09:44:05,868 | WARNING | Marcaje duplicado omitido (Modo Offline) -> Emp: 999 | Hora: 2026-09-17 09:44:05.846734
2026-09-17 09:44:05,868 | WARNING | Marcaje duplicado omitido (Modo Offline) -> Emp: 999 | Hora: 2026-09-17 09:44:05.846651
2026-09-17 09:44:05,869 | WARNING | Marcaje duplicado omitido (Modo Offline) -> Emp: 999 | Hora: 2026-09-17 09:44:05.846567
2026-09-17 09:44:05,906 | WARNING | Marcaje duplicado omitido (Modo Offline) -> Emp: 999 | Hora: 2026-09-17 09:44:05.905475
2026-09-17 09:44:05,924 | WARNING | Marcaje duplicado omitido (Modo Offline) -> Emp: 999 | Hora: 2026-09-17 09:44:05.919154
2026-09-17 09:44:05,926 | WARNING | Marcaje duplicado omitido (Modo Offline) -> Emp: 999 | Hora: 2026-09-17 09:44:05.923156
2026-09-17 09:44:05,929 | WARNING | Marcaje duplicado omitido (Modo Offline) -> Emp: 999 | Hora: 2026-09-17 09:44:05.926133
2026-09-17 09:44:05,929 | WARNING | Marcaje duplicado omitido (Modo Offline) -> Emp: 999 | Hora: 2026-09-17 09:44:05.926278
2026-09-17 09:44:05,932 | WARNING | Marcaje duplicado omitido (Modo Offline) -> Emp: 999 | Hora: 2026-09-17 09:44:05.925945
2026-09-17 09:44:05,938 | WARNING | Marcaje duplicado omitido (Modo Offline) -> Emp: 999 | Hora: 2026-09-17 09:44:05.930882
2026-09-17 09:44:05,939 | WARNING | Marcaje duplicado omitido (Modo Offline) -> Emp: 999 | Hora: 2026-09-17 09:44:05.930135
2026-09-17 09:44:05,941 | WARNING | Marcaje duplicado omitido (Modo Offline) -> Emp: 999 | Hora: 2026-09-17 09:44:05.930666
2026-09-17 09:44:05,942 | WARNING | Marcaje duplicado omitido (Modo Offline) -> Emp: 999 | Hora: 2026-09-17 09:44:05.931399
2026-09-17 09:44:05,942 | WARNING | Marcaje duplicado omitido (Modo Offline) -> Emp: 999 | Hora: 2026-09-17 09:44:05.931093
2026-09-17 09:44:05,943 | WARNING | Marcaje duplicado omitido (Modo Offline) -> Emp: 999 | Hora: 2026-09-17 09:44:05.938041
2026-09-17 09:44:05,944 | WARNING | Marcaje duplicado omitido (Modo Offline) -> Emp: 999 | Hora: 2026-09-17 09:44:05.938271
2026-09-17 09:44:05,944 | WARNING | Marcaje duplicado omitido (Modo Offline) -> Emp: 999 | Hora: 2026-09-17 09:44:05.930415
2026-09-17 09:44:05,946 | WARNING | Marcaje duplicado omitido (Modo Offline) -> Emp: 999 | Hora: 2026-09-17 09:44:05.938647
2026-09-17 09:44:05,948 | WARNING | Marcaje duplicado omitido (Modo Offline) -> Emp: 999 | Hora: 2026-09-17 09:44:05.938465
2026-09-17 09:44:05,949 | WARNING | Marcaje duplicado omitido (Modo Offline) -> Emp: 999 | Hora: 2026-09-17 09:44:05.939776
2026-09-17 09:44:05,949 | WARNING | Marcaje duplicado omitido (Modo Offline) -> Emp: 999 | Hora: 2026-09-17 09:44:05.939545
2026-09-17 09:44:05,949 | WARNING | Marcaje duplicado omitido (Modo Offline) -> Emp: 999 | Hora: 2026-09-17 09:44:05.939966
2026-09-17 09:44:05,954 | WARNING | Marcaje duplicado omitido (Modo Offline) -> Emp: 999 | Hora: 2026-09-17 09:44:05.940128
2026-09-17 09:44:05,957 | WARNING | Marcaje duplicado omitido (Modo Offline) -> Emp: 999 | Hora: 2026-09-17 09:44:05.940371
2026-09-17 09:44:06,078 | WARNING | Marcaje duplicado omitido (Modo Offline) -> Emp: 999 | Hora: 2026-09-17 09:44:06.074229
2026-09-17 09:44:06,078 | WARNING | Marcaje duplicado omitido (Modo Offline) -> Emp: 999 | Hora: 2026-09-17 09:44:06.073010
2026-09-17 09:44:06,078 | WARNING | Marcaje duplicado omitido (Modo Offline) -> Emp: 999 | Hora: 2026-09-17 09:44:06.076544
2026-09-17 09:44:06,079 | WARNING | Marcaje duplicado omitido (Modo Offline) -> Emp: 999 | Hora: 2026-09-17 09:44:06.074991
2026-09-17 09:44:06,079 | WARNING | Marcaje duplicado omitido (Modo Offline) -> Emp: 999 | Hora: 2026-09-17 09:44:06.075207
2026-09-17 09:44:06,079 | WARNING | Marcaje duplicado omitido (Modo Offline) -> Emp: 999 | Hora: 2026-09-17 09:44:06.076125
2026-09-17 09:44:06,079 | WARNING | Marcaje duplicado omitido (Modo Offline) -> Emp: 999 | Hora: 2026-09-17 09:44:06.077116
2026-09-17 09:44:06,080 | WARNING | Marcaje duplicado omitido (Modo Offline) -> Emp: 999 | Hora: 2026-09-17 09:44:06.076349
2026-09-17 09:44:06,081 | WARNING | Marcaje duplicado omitido (Modo Offline) -> Emp: 999 | Hora: 2026-09-17 09:44:06.077308
2026-09-17 09:44:06,239 | WARNING | Marcaje duplicado omitido (Modo Offline) -> Emp: 999 | Hora: 2026-09-17 09:44:06.238731
2026-09-17 09:44:06,269 | WARNING | Marcaje duplicado omitido (Modo Offline) -> Emp: 999 | Hora: 2026-09-17 09:44:06.265835
2026-09-17 09:44:06,270 | WARNING | Marcaje duplicado omitido (Modo Offline) -> Emp: 999 | Hora: 2026-09-17 09:44:06.267299
2026-09-17 09:44:06,270 | WARNING | Marcaje duplicado omitido (Modo Offline) -> Emp: 999 | Hora: 2026-09-17 09:44:06.266790
2026-09-17 09:44:06,271 | WARNING | Marcaje duplicado omitido (Modo Offline) -> Emp: 999 | Hora: 2026-09-17 09:44:06.266525
2026-09-17 09:44:06,271 | WARNING | Marcaje duplicado omitido (Modo Offline) -> Emp: 999 | Hora: 2026-09-17 09:44:06.266251
2026-09-17 09:44:06,465 | WARNING | Marcaje duplicado omitido (Modo Offline) -> Emp: 999 | Hora: 2026-09-17 09:44:06.463184
2026-09-17 09:44:06,467 | WARNING | Marcaje duplicado omitido (Modo Offline) -> Emp: 999 | Hora: 2026-09-17 09:44:06.464591
2026-09-17 09:44:06,498 | WARNING | Marcaje duplicado omitido (Modo Offline) -> Emp: 999 | Hora: 2026-09-17 09:44:06.493743
2026-09-17 09:44:06,500 | WARNING | Marcaje duplicado omitido (Modo Offline) -> Emp: 999 | Hora: 2026-09-17 09:44:06.487385
2026-09-17 09:44:06,501 | WARNING | Marcaje duplicado omitido (Modo Offline) -> Emp: 999 | Hora: 2026-09-17 09:44:06.492228
2026-09-17 09:44:06,502 | WARNING | Marcaje duplicado omitido (Modo Offline) -> Emp: 999 | Hora: 2026-09-17 09:44:06.493568
2026-09-17 09:44:06,502 | WARNING | Marcaje duplicado omitido (Modo Offline) -> Emp: 999 | Hora: 2026-09-17 09:44:06.495608
2026-09-17 09:44:06,503 | WARNING | Marcaje duplicado omitido (Modo Offline) -> Emp: 999 | Hora: 2026-09-17 09:44:06.495846
2026-09-17 09:44:06,504 | WARNING | Marcaje duplicado omitido (Modo Offline) -> Emp: 999 | Hora: 2026-09-17 09:44:06.495730
2026-09-17 09:44:06,505 | WARNING | Marcaje duplicado omitido (Modo Offline) -> Emp: 999 | Hora: 2026-09-17 09:44:06.495424
2026-09-17 09:44:06,506 | WARNING | Marcaje duplicado omitido (Modo Offline) -> Emp: 999 | Hora: 2026-09-17 09:44:06.495978
2026-09-17 09:44:06,508 | WARNING | Marcaje duplicado omitido (Modo Offline) -> Emp: 999 | Hora: 2026-09-17 09:44:06.496096
2026-09-17 09:44:06,508 | WARNING | Marcaje duplicado omitido (Modo Offline) -> Emp: 999 | Hora: 2026-09-17 09:44:06.496201
2026-09-17 09:44:06,510 | WARNING | Marcaje duplicado omitido (Modo Offline) -> Emp: 999 | Hora: 2026-09-17 09:44:06.497156
2026-09-17 09:44:06,511 | WARNING | Marcaje duplicado omitido (Modo Offline) -> Emp: 999 | Hora: 2026-09-17 09:44:06.497315
2026-09-17 09:44:06,519 | WARNING | Marcaje duplicado omitido (Modo Offline) -> Emp: 999 | Hora: 2026-09-17 09:44:06.497426
2026-09-17 09:44:06,520 | WARNING | Marcaje duplicado omitido (Modo Offline) -> Emp: 999 | Hora: 2026-09-17 09:44:06.497529
2026-09-17 09:44:06,520 | WARNING | Marcaje duplicado omitido (Modo Offline) -> Emp: 999 | Hora: 2026-09-17 09:44:06.497626
2026-09-17 09:44:06,520 | WARNING | Marcaje duplicado omitido (Modo Offline) -> Emp: 999 | Hora: 2026-09-17 09:44:06.497717
2026-09-17 09:44:06,522 | WARNING | Marcaje duplicado omitido (Modo Offline) -> Emp: 999 | Hora: 2026-09-17 09:44:06.497811
2026-09-17 09:44:06,526 | WARNING | Marcaje duplicado omitido (Modo Offline) -> Emp: 999 | Hora: 2026-09-17 09:44:06.497895
2026-09-17 09:44:06,528 | WARNING | Marcaje duplicado omitido (Modo Offline) -> Emp: 999 | Hora: 2026-09-17 09:44:06.498378
2026-09-17 09:44:06,588 | WARNING | Marcaje duplicado omitido (Modo Offline) -> Emp: 999 | Hora: 2026-09-17 09:44:06.574581
2026-09-17 09:44:06,596 | WARNING | Marcaje duplicado omitido (Modo Offline) -> Emp: 999 | Hora: 2026-09-17 09:44:06.585792
2026-09-17 09:44:06,598 | WARNING | Marcaje duplicado omitido (Modo Offline) -> Emp: 999 | Hora: 2026-09-17 09:44:06.592234
2026-09-17 09:44:06,599 | WARNING | Marcaje duplicado omitido (Modo Offline) -> Emp: 999 | Hora: 2026-09-17 09:44:06.591230
2026-09-17 09:44:06,600 | WARNING | Marcaje duplicado omitido (Modo Offline) -> Emp: 999 | Hora: 2026-09-17 09:44:06.592441
2026-09-17 09:44:06,601 | WARNING | Marcaje duplicado omitido (Modo Offline) -> Emp: 999 | Hora: 2026-09-17 09:44:06.592033
2026-09-17 09:44:06,603 | WARNING | Marcaje duplicado omitido (Modo Offline) -> Emp: 999 | Hora: 2026-09-17 09:44:06.591666
2026-09-17 09:44:06,603 | WARNING | Marcaje duplicado omitido (Modo Offline) -> Emp: 999 | Hora: 2026-09-17 09:44:06.591471
2026-09-17 09:44:06,603 | WARNING | Marcaje duplicado omitido (Modo Offline) -> Emp: 999 | Hora: 2026-09-17 09:44:06.589427
2026-09-17 09:44:06,605 | WARNING | Marcaje duplicado omitido (Modo Offline) -> Emp: 999 | Hora: 2026-09-17 09:44:06.592625
2026-09-17 09:44:06,607 | WARNING | Marcaje duplicado omitido (Modo Offline) -> Emp: 999 | Hora: 2026-09-17 09:44:06.594162
2026-09-17 09:44:06,608 | WARNING | Marcaje duplicado omitido (Modo Offline) -> Emp: 999 | Hora: 2026-09-17 09:44:06.594339
2026-09-17 09:44:06,609 | WARNING | Marcaje duplicado omitido (Modo Offline) -> Emp: 999 | Hora: 2026-09-17 09:44:06.595361
2026-09-17 09:44:06,610 | WARNING | Marcaje duplicado omitido (Modo Offline) -> Emp: 999 | Hora: 2026-09-17 09:44:06.595528
2026-09-17 09:44:06,611 | WARNING | Marcaje duplicado omitido (Modo Offline) -> Emp: 999 | Hora: 2026-09-17 09:44:06.595656
2026-09-17 09:44:06,613 | WARNING | Marcaje duplicado omitido (Modo Offline) -> Emp: 999 | Hora: 2026-09-17 09:44:06.595777
2026-09-17 09:44:06,613 | WARNING | Marcaje duplicado omitido (Modo Offline) -> Emp: 999 | Hora: 2026-09-17 09:44:06.595943
2026-09-17 09:44:06,614 | WARNING | Marcaje duplicado omitido (Modo Offline) -> Emp: 999 | Hora: 2026-09-17 09:44:06.596140
2026-09-17 09:44:06,614 | WARNING | Marcaje duplicado omitido (Modo Offline) -> Emp: 999 | Hora: 2026-09-17 09:44:06.596339
2026-09-17 09:44:06,622 | WARNING | Marcaje duplicado omitido (Modo Offline) -> Emp: 999 | Hora: 2026-09-17 09:44:06.602409
2026-09-17 09:44:06,623 | WARNING | Marcaje duplicado omitido (Modo Offline) -> Emp: 999 | Hora: 2026-09-17 09:44:06.602685
2026-09-17 09:44:07,011 | WARNING | Marcaje duplicado omitido (Modo Offline) -> Emp: 999 | Hora: 2026-09-17 09:44:07.004270
2026-09-17 09:44:07,014 | WARNING | Marcaje duplicado omitido (Modo Offline) -> Emp: 999 | Hora: 2026-09-17 09:44:07.004035
2026-09-17 09:44:07,021 | WARNING | Marcaje duplicado omitido (Modo Offline) -> Emp: 999 | Hora: 2026-09-17 09:44:07.015751
2026-09-17 09:44:07,023 | WARNING | Marcaje duplicado omitido (Modo Offline) -> Emp: 999 | Hora: 2026-09-17 09:44:07.019409
2026-09-17 09:44:07,024 | WARNING | Marcaje duplicado omitido (Modo Offline) -> Emp: 999 | Hora: 2026-09-17 09:44:07.019174
2026-09-17 09:44:07,025 | WARNING | Marcaje duplicado omitido (Modo Offline) -> Emp: 999 | Hora: 2026-09-17 09:44:07.017091
2026-09-17 09:44:07,025 | WARNING | Marcaje duplicado omitido (Modo Offline) -> Emp: 999 | Hora: 2026-09-17 09:44:07.018919
2026-09-17 09:44:07,027 | WARNING | Marcaje duplicado omitido (Modo Offline) -> Emp: 999 | Hora: 2026-09-17 09:44:07.019611
2026-09-17 09:44:07,031 | WARNING | Marcaje duplicado omitido (Modo Offline) -> Emp: 999 | Hora: 2026-09-17 09:44:07.026870
2026-09-17 09:44:07,033 | WARNING | Marcaje duplicado omitido (Modo Offline) -> Emp: 999 | Hora: 2026-09-17 09:44:07.026477
2026-09-17 09:44:07,034 | WARNING | Marcaje duplicado omitido (Modo Offline) -> Emp: 999 | Hora: 2026-09-17 09:44:07.026663
2026-09-17 09:44:07,035 | WARNING | Marcaje duplicado omitido (Modo Offline) -> Emp: 999 | Hora: 2026-09-17 09:44:07.028525
2026-09-17 09:44:07,035 | WARNING | Marcaje duplicado omitido (Modo Offline) -> Emp: 999 | Hora: 2026-09-17 09:44:07.027071
2026-09-17 09:44:07,036 | WARNING | Marcaje duplicado omitido (Modo Offline) -> Emp: 999 | Hora: 2026-09-17 09:44:07.028774
2026-09-17 09:44:07,085 | WARNING | Marcaje duplicado omitido (Modo Offline) -> Emp: 999 | Hora: 2026-09-17 09:44:07.082090
2026-09-17 09:44:07,085 | WARNING | Marcaje duplicado omitido (Modo Offline) -> Emp: 999 | Hora: 2026-09-17 09:44:07.083135
2026-09-17 09:44:07,086 | WARNING | Marcaje duplicado omitido (Modo Offline) -> Emp: 999 | Hora: 2026-09-17 09:44:07.083651
2026-09-17 09:44:07,086 | WARNING | Marcaje duplicado omitido (Modo Offline) -> Emp: 999 | Hora: 2026-09-17 09:44:07.083950
2026-09-17 09:44:07,100 | WARNING | Marcaje duplicado omitido (Modo Offline) -> Emp: 999 | Hora: 2026-09-17 09:44:07.093919
2026-09-17 09:44:07,100 | WARNING | Marcaje duplicado omitido (Modo Offline) -> Emp: 999 | Hora: 2026-09-17 09:44:07.094061
2026-09-17 09:44:07,100 | WARNING | Marcaje duplicado omitido (Modo Offline) -> Emp: 999 | Hora: 2026-09-17 09:44:07.093744
2026-09-17 09:44:07,145 | WARNING | Marcaje duplicado omitido (Modo Offline) -> Emp: 999 | Hora: 2026-09-17 09:44:07.141027
2026-09-17 09:44:07,152 | WARNING | Marcaje duplicado omitido (Modo Offline) -> Emp: 999 | Hora: 2026-09-17 09:44:07.142996
2026-09-17 09:44:07,154 | WARNING | Marcaje duplicado omitido (Modo Offline) -> Emp: 999 | Hora: 2026-09-17 09:44:07.146113
2026-09-17 09:44:07,154 | WARNING | Marcaje duplicado omitido (Modo Offline) -> Emp: 999 | Hora: 2026-09-17 09:44:07.147065
2026-09-17 09:44:07,154 | WARNING | Marcaje duplicado omitido (Modo Offline) -> Emp: 999 | Hora: 2026-09-17 09:44:07.146833
2026-09-17 09:44:07,156 | WARNING | Marcaje duplicado omitido (Modo Offline) -> Emp: 999 | Hora: 2026-09-17 09:44:07.145871
2026-09-17 09:44:07,156 | WARNING | Marcaje duplicado omitido (Modo Offline) -> Emp: 999 | Hora: 2026-09-17 09:44:07.145586
2026-09-17 09:44:07,158 | WARNING | Marcaje duplicado omitido (Modo Offline) -> Emp: 999 | Hora: 2026-09-17 09:44:07.146571
2026-09-17 09:44:07,160 | WARNING | Marcaje duplicado omitido (Modo Offline) -> Emp: 999 | Hora: 2026-09-17 09:44:07.146320
2026-09-17 09:44:07,160 | WARNING | Marcaje duplicado omitido (Modo Offline) -> Emp: 999 | Hora: 2026-09-17 09:44:07.149461
2026-09-17 09:44:07,161 | WARNING | Marcaje duplicado omitido (Modo Offline) -> Emp: 999 | Hora: 2026-09-17 09:44:07.147264
2026-09-17 09:44:07,161 | WARNING | Marcaje duplicado omitido (Modo Offline) -> Emp: 999 | Hora: 2026-09-17 09:44:07.149980
2026-09-17 09:44:07,162 | WARNING | Marcaje duplicado omitido (Modo Offline) -> Emp: 999 | Hora: 2026-09-17 09:44:07.150311
2026-09-17 09:44:07,170 | WARNING | Marcaje duplicado omitido (Modo Offline) -> Emp: 999 | Hora: 2026-09-17 09:44:07.150542
2026-09-17 09:44:07,172 | WARNING | Marcaje duplicado omitido (Modo Offline) -> Emp: 999 | Hora: 2026-09-17 09:44:07.150752
2026-09-17 09:44:07,176 | WARNING | Marcaje duplicado omitido (Modo Offline) -> Emp: 999 | Hora: 2026-09-17 09:44:07.150944
2026-09-17 09:44:07,177 | WARNING | Marcaje duplicado omitido (Modo Offline) -> Emp: 999 | Hora: 2026-09-17 09:44:07.151119
2026-09-17 09:44:07,178 | WARNING | Marcaje duplicado omitido (Modo Offline) -> Emp: 999 | Hora: 2026-09-17 09:44:07.151285
2026-09-17 09:44:07,185 | WARNING | Marcaje duplicado omitido (Modo Offline) -> Emp: 999 | Hora: 2026-09-17 09:44:07.151447
2026-09-17 09:44:07,189 | WARNING | Marcaje duplicado omitido (Modo Offline) -> Emp: 999 | Hora: 2026-09-17 09:44:07.153612
2026-09-17 09:44:07,189 | WARNING | Marcaje duplicado omitido (Modo Offline) -> Emp: 999 | Hora: 2026-09-17 09:44:07.157249
2026-09-17 09:44:07,310 | WARNING | Marcaje duplicado omitido (Modo Offline) -> Emp: 999 | Hora: 2026-09-17 09:44:07.303739
2026-09-17 09:44:07,310 | WARNING | Marcaje duplicado omitido (Modo Offline) -> Emp: 999 | Hora: 2026-09-17 09:44:07.307116
2026-09-17 09:44:07,311 | WARNING | Marcaje duplicado omitido (Modo Offline) -> Emp: 999 | Hora: 2026-09-17 09:44:07.305779
2026-09-17 09:44:07,311 | WARNING | Marcaje duplicado omitido (Modo Offline) -> Emp: 999 | Hora: 2026-09-17 09:44:07.306883
2026-09-17 09:44:07,312 | WARNING | Marcaje duplicado omitido (Modo Offline) -> Emp: 999 | Hora: 2026-09-17 09:44:07.307990
2026-09-17 09:44:07,313 | WARNING | Marcaje duplicado omitido (Modo Offline) -> Emp: 999 | Hora: 2026-09-17 09:44:07.309316
2026-09-17 09:44:07,313 | WARNING | Marcaje duplicado omitido (Modo Offline) -> Emp: 999 | Hora: 2026-09-17 09:44:07.308210
2026-09-17 09:44:07,314 | WARNING | Marcaje duplicado omitido (Modo Offline) -> Emp: 999 | Hora: 2026-09-17 09:44:07.309582
2026-09-17 09:44:07,316 | WARNING | Marcaje duplicado omitido (Modo Offline) -> Emp: 999 | Hora: 2026-09-17 09:44:07.309798
2026-09-17 09:44:07,485 | WARNING | Marcaje duplicado omitido (Modo Offline) -> Emp: 999 | Hora: 2026-09-17 09:44:07.480298
2026-09-17 09:44:07,489 | WARNING | Marcaje duplicado omitido (Modo Offline) -> Emp: 999 | Hora: 2026-09-17 09:44:07.480763
2026-09-17 09:44:07,490 | WARNING | Marcaje duplicado omitido (Modo Offline) -> Emp: 999 | Hora: 2026-09-17 09:44:07.485998
2026-09-17 09:44:07,491 | WARNING | Marcaje duplicado omitido (Modo Offline) -> Emp: 999 | Hora: 2026-09-17 09:44:07.486172
2026-09-17 09:44:07,492 | WARNING | Marcaje duplicado omitido (Modo Offline) -> Emp: 999 | Hora: 2026-09-17 09:44:07.486930
2026-09-17 09:44:07,492 | WARNING | Marcaje duplicado omitido (Modo Offline) -> Emp: 999 | Hora: 2026-09-17 09:44:07.486331
2026-09-17 09:44:07,820 | WARNING | Marcaje duplicado omitido (Modo Offline) -> Emp: 999 | Hora: 2026-09-17 09:44:07.819631
2026-09-17 09:44:07,821 | WARNING | Marcaje duplicado omitido (Modo Offline) -> Emp: 999 | Hora: 2026-09-17 09:44:07.819838
2026-09-17 09:44:07,979 | WARNING | Marcaje duplicado omitido (Modo Offline) -> Emp: 999 | Hora: 2026-09-17 09:44:07.975687
2026-09-17 09:44:07,981 | WARNING | Marcaje duplicado omitido (Modo Offline) -> Emp: 999 | Hora: 2026-09-17 09:44:07.972793
2026-09-17 09:44:07,981 | WARNING | Marcaje duplicado omitido (Modo Offline) -> Emp: 999 | Hora: 2026-09-17 09:44:07.976951
2026-09-17 09:44:07,981 | WARNING | Marcaje duplicado omitido (Modo Offline) -> Emp: 999 | Hora: 2026-09-17 09:44:07.976740
2026-09-17 09:44:07,982 | WARNING | Marcaje duplicado omitido (Modo Offline) -> Emp: 999 | Hora: 2026-09-17 09:44:07.977965
2026-09-17 09:44:07,982 | WARNING | Marcaje duplicado omitido (Modo Offline) -> Emp: 999 | Hora: 2026-09-17 09:44:07.978135
2026-09-17 09:44:07,982 | WARNING | Marcaje duplicado omitido (Modo Offline) -> Emp: 999 | Hora: 2026-09-17 09:44:07.977776
2026-09-17 09:44:07,982 | WARNING | Marcaje duplicado omitido (Modo Offline) -> Emp: 999 | Hora: 2026-09-17 09:44:07.977134
2026-09-17 09:44:07,987 | WARNING | Marcaje duplicado omitido (Modo Offline) -> Emp: 999 | Hora: 2026-09-17 09:44:07.978297
2026-09-17 09:44:07,989 | WARNING | Marcaje duplicado omitido (Modo Offline) -> Emp: 999 | Hora: 2026-09-17 09:44:07.978991
2026-09-17 09:44:07,993 | WARNING | Marcaje duplicado omitido (Modo Offline) -> Emp: 999 | Hora: 2026-09-17 09:44:07.979202
2026-09-17 09:44:07,996 | WARNING | Marcaje duplicado omitido (Modo Offline) -> Emp: 999 | Hora: 2026-09-17 09:44:07.980188
2026-09-17 09:44:07,997 | WARNING | Marcaje duplicado omitido (Modo Offline) -> Emp: 999 | Hora: 2026-09-17 09:44:07.980442
2026-09-17 09:44:08,040 | WARNING | Marcaje duplicado omitido (Modo Offline) -> Emp: 999 | Hora: 2026-09-17 09:44:08.036879
2026-09-17 09:44:08,057 | WARNING | Marcaje duplicado omitido (Modo Offline) -> Emp: 999 | Hora: 2026-09-17 09:44:08.047907
2026-09-17 09:44:08,059 | WARNING | Marcaje duplicado omitido (Modo Offline) -> Emp: 999 | Hora: 2026-09-17 09:44:08.053134
2026-09-17 09:44:08,061 | WARNING | Marcaje duplicado omitido (Modo Offline) -> Emp: 999 | Hora: 2026-09-17 09:44:08.052989
2026-09-17 09:44:08,063 | WARNING | Marcaje duplicado omitido (Modo Offline) -> Emp: 999 | Hora: 2026-09-17 09:44:08.054298
2026-09-17 09:44:08,063 | WARNING | Marcaje duplicado omitido (Modo Offline) -> Emp: 999 | Hora: 2026-09-17 09:44:08.051498
2026-09-17 09:44:08,063 | WARNING | Marcaje duplicado omitido (Modo Offline) -> Emp: 999 | Hora: 2026-09-17 09:44:08.052807
2026-09-17 09:44:08,064 | WARNING | Marcaje duplicado omitido (Modo Offline) -> Emp: 999 | Hora: 2026-09-17 09:44:08.054518
2026-09-17 09:44:08,064 | WARNING | Marcaje duplicado omitido (Modo Offline) -> Emp: 999 | Hora: 2026-09-17 09:44:08.053293
2026-09-17 09:44:08,073 | WARNING | Marcaje duplicado omitido (Modo Offline) -> Emp: 999 | Hora: 2026-09-17 09:44:08.054686
2026-09-17 09:44:08,075 | WARNING | Marcaje duplicado omitido (Modo Offline) -> Emp: 999 | Hora: 2026-09-17 09:44:08.054844
2026-09-17 09:44:08,075 | WARNING | Marcaje duplicado omitido (Modo Offline) -> Emp: 999 | Hora: 2026-09-17 09:44:08.054994
2026-09-17 09:44:08,077 | WARNING | Marcaje duplicado omitido (Modo Offline) -> Emp: 999 | Hora: 2026-09-17 09:44:08.056177
2026-09-17 09:44:08,077 | WARNING | Marcaje duplicado omitido (Modo Offline) -> Emp: 999 | Hora: 2026-09-17 09:44:08.055279
2026-09-17 09:44:08,077 | WARNING | Marcaje duplicado omitido (Modo Offline) -> Emp: 999 | Hora: 2026-09-17 09:44:08.055139
2026-09-17 09:44:08,078 | WARNING | Marcaje duplicado omitido (Modo Offline) -> Emp: 999 | Hora: 2026-09-17 09:44:08.056344
2026-09-17 09:44:08,080 | WARNING | Marcaje duplicado omitido (Modo Offline) -> Emp: 999 | Hora: 2026-09-17 09:44:08.056489
2026-09-17 09:44:08,084 | WARNING | Marcaje duplicado omitido (Modo Offline) -> Emp: 999 | Hora: 2026-09-17 09:44:08.057082
2026-09-17 09:44:08,085 | WARNING | Marcaje duplicado omitido (Modo Offline) -> Emp: 999 | Hora: 2026-09-17 09:44:08.057266
2026-09-17 09:44:08,094 | WARNING | Marcaje duplicado omitido (Modo Offline) -> Emp: 999 | Hora: 2026-09-17 09:44:08.093108
2026-09-17 09:44:08,094 | WARNING | Marcaje duplicado omitido (Modo Offline) -> Emp: 999 | Hora: 2026-09-17 09:44:08.092921
2026-09-17 09:44:08,094 | WARNING | Marcaje duplicado omitido (Modo Offline) -> Emp: 999 | Hora: 2026-09-17 09:44:08.092637
2026-09-17 09:44:08,106 | WARNING | Marcaje duplicado omitido (Modo Offline) -> Emp: 999 | Hora: 2026-09-17 09:44:08.096949
2026-09-17 09:44:08,101 | WARNING | Marcaje duplicado omitido (Modo Offline) -> Emp: 999 | Hora: 2026-09-17 09:44:08.097712
2026-09-17 09:44:08,105 | WARNING | Marcaje duplicado omitido (Modo Offline) -> Emp: 999 | Hora: 2026-09-17 09:44:08.098120
2026-09-17 09:44:08,105 | WARNING | Marcaje duplicado omitido (Modo Offline) -> Emp: 999 | Hora: 2026-09-17 09:44:08.097946
2026-09-17 09:44:08,106 | WARNING | Marcaje duplicado omitido (Modo Offline) -> Emp: 999 | Hora: 2026-09-17 09:44:08.097394
2026-09-17 09:44:08,107 | WARNING | Marcaje duplicado omitido (Modo Offline) -> Emp: 999 | Hora: 2026-09-17 09:44:08.100076
2026-09-17 09:44:08,454 | WARNING | Marcaje duplicado omitido (Modo Offline) -> Emp: 999 | Hora: 2026-09-17 09:44:08.448067
2026-09-17 09:44:08,456 | WARNING | Marcaje duplicado omitido (Modo Offline) -> Emp: 999 | Hora: 2026-09-17 09:44:08.451262
2026-09-17 09:44:08,455 | WARNING | Marcaje duplicado omitido (Modo Offline) -> Emp: 999 | Hora: 2026-09-17 09:44:08.446644
2026-09-17 09:44:08,456 | WARNING | Marcaje duplicado omitido (Modo Offline) -> Emp: 999 | Hora: 2026-09-17 09:44:08.449870
2026-09-17 09:44:08,454 | WARNING | Marcaje duplicado omitido (Modo Offline) -> Emp: 999 | Hora: 2026-09-17 09:44:08.450946
2026-09-17 09:44:08,457 | WARNING | Marcaje duplicado omitido (Modo Offline) -> Emp: 999 | Hora: 2026-09-17 09:44:08.450309
2026-09-17 09:44:08,458 | WARNING | Marcaje duplicado omitido (Modo Offline) -> Emp: 999 | Hora: 2026-09-17 09:44:08.450584
2026-09-17 09:44:08,458 | WARNING | Marcaje duplicado omitido (Modo Offline) -> Emp: 999 | Hora: 2026-09-17 09:44:08.450092
2026-09-17 09:44:08,459 | WARNING | Marcaje duplicado omitido (Modo Offline) -> Emp: 999 | Hora: 2026-09-17 09:44:08.451549
2026-09-17 09:44:08,460 | WARNING | Marcaje duplicado omitido (Modo Offline) -> Emp: 999 | Hora: 2026-09-17 09:44:08.451720
2026-09-17 09:44:08,462 | WARNING | Marcaje duplicado omitido (Modo Offline) -> Emp: 999 | Hora: 2026-09-17 09:44:08.451940
2026-09-17 09:44:08,463 | WARNING | Marcaje duplicado omitido (Modo Offline) -> Emp: 999 | Hora: 2026-09-17 09:44:08.452305
2026-09-17 09:44:08,465 | WARNING | Marcaje duplicado omitido (Modo Offline) -> Emp: 999 | Hora: 2026-09-17 09:44:08.452172
2026-09-17 09:44:08,465 | WARNING | Marcaje duplicado omitido (Modo Offline) -> Emp: 999 | Hora: 2026-09-17 09:44:08.453602
2026-09-17 09:44:08,547 | WARNING | Marcaje duplicado omitido (Modo Offline) -> Emp: 999 | Hora: 2026-09-17 09:44:08.546554
2026-09-17 09:44:08,578 | WARNING | Marcaje duplicado omitido (Modo Offline) -> Emp: 999 | Hora: 2026-09-17 09:44:08.554959
2026-09-17 09:44:08,579 | WARNING | Marcaje duplicado omitido (Modo Offline) -> Emp: 999 | Hora: 2026-09-17 09:44:08.567201
2026-09-17 09:44:08,597 | WARNING | Marcaje duplicado omitido (Modo Offline) -> Emp: 999 | Hora: 2026-09-17 09:44:08.579515
2026-09-17 09:44:08,598 | WARNING | Marcaje duplicado omitido (Modo Offline) -> Emp: 999 | Hora: 2026-09-17 09:44:08.579956
2026-09-17 09:44:08,600 | WARNING | Marcaje duplicado omitido (Modo Offline) -> Emp: 999 | Hora: 2026-09-17 09:44:08.580383
2026-09-17 09:44:08,600 | WARNING | Marcaje duplicado omitido (Modo Offline) -> Emp: 999 | Hora: 2026-09-17 09:44:08.580778
2026-09-17 09:44:08,601 | WARNING | Marcaje duplicado omitido (Modo Offline) -> Emp: 999 | Hora: 2026-09-17 09:44:08.581171
2026-09-17 09:44:08,608 | WARNING | Marcaje duplicado omitido (Modo Offline) -> Emp: 999 | Hora: 2026-09-17 09:44:08.560048
2026-09-17 09:44:08,659 | WARNING | Marcaje duplicado omitido (Modo Offline) -> Emp: 999 | Hora: 2026-09-17 09:44:08.581554
2026-09-17 09:44:08,694 | WARNING | Marcaje duplicado omitido (Modo Offline) -> Emp: 999 | Hora: 2026-09-17 09:44:08.581946
2026-09-17 09:44:08,718 | WARNING | Marcaje duplicado omitido (Modo Offline) -> Emp: 999 | Hora: 2026-09-17 09:44:08.583523
2026-09-17 09:44:08,718 | WARNING | Marcaje duplicado omitido (Modo Offline) -> Emp: 999 | Hora: 2026-09-17 09:44:08.582336
2026-09-17 09:44:08,720 | WARNING | Marcaje duplicado omitido (Modo Offline) -> Emp: 999 | Hora: 2026-09-17 09:44:08.583954
2026-09-17 09:44:08,721 | WARNING | Marcaje duplicado omitido (Modo Offline) -> Emp: 999 | Hora: 2026-09-17 09:44:08.593895
2026-09-17 09:44:08,721 | WARNING | Marcaje duplicado omitido (Modo Offline) -> Emp: 999 | Hora: 2026-09-17 09:44:08.594521
2026-09-17 09:44:08,723 | WARNING | Marcaje duplicado omitido (Modo Offline) -> Emp: 999 | Hora: 2026-09-17 09:44:08.594935
2026-09-17 09:44:08,724 | WARNING | Marcaje duplicado omitido (Modo Offline) -> Emp: 999 | Hora: 2026-09-17 09:44:08.595370
2026-09-17 09:44:08,727 | WARNING | Marcaje duplicado omitido (Modo Offline) -> Emp: 999 | Hora: 2026-09-17 09:44:08.595776
2026-09-17 09:44:08,728 | WARNING | Marcaje duplicado omitido (Modo Offline) -> Emp: 999 | Hora: 2026-09-17 09:44:08.603472
2026-09-17 09:44:08,729 | WARNING | Marcaje duplicado omitido (Modo Offline) -> Emp: 999 | Hora: 2026-09-17 09:44:08.606676
2026-09-17 09:44:08,730 | WARNING | Marcaje duplicado omitido (Modo Offline) -> Emp: 999 | Hora: 2026-09-17 09:44:08.607905
2026-09-17 09:44:08,731 | WARNING | Marcaje duplicado omitido (Modo Offline) -> Emp: 999 | Hora: 2026-09-17 09:44:08.607116
2026-09-17 09:44:08,731 | WARNING | Marcaje duplicado omitido (Modo Offline) -> Emp: 999 | Hora: 2026-09-17 09:44:08.607524
2026-09-17 09:44:08,734 | WARNING | Marcaje duplicado omitido (Modo Offline) -> Emp: 999 | Hora: 2026-09-17 09:44:08.644110
2026-09-17 09:44:08,735 | WARNING | Marcaje duplicado omitido (Modo Offline) -> Emp: 999 | Hora: 2026-09-17 09:44:08.643888
2026-09-17 09:44:08,735 | WARNING | Marcaje duplicado omitido (Modo Offline) -> Emp: 999 | Hora: 2026-09-17 09:44:08.644584
2026-09-17 09:44:08,736 | WARNING | Marcaje duplicado omitido (Modo Offline) -> Emp: 999 | Hora: 2026-09-17 09:44:08.644306
2026-09-17 09:44:09,242 | WARNING | Marcaje duplicado omitido (Modo Offline) -> Emp: 999 | Hora: 2026-09-17 09:44:09.240239
2026-09-17 09:44:09,254 | WARNING | Marcaje duplicado omitido (Modo Offline) -> Emp: 999 | Hora: 2026-09-17 09:44:09.251328
2026-09-17 09:44:09,261 | WARNING | Marcaje duplicado omitido (Modo Offline) -> Emp: 999 | Hora: 2026-09-17 09:44:09.256938
2026-09-17 09:44:09,264 | WARNING | Marcaje duplicado omitido (Modo Offline) -> Emp: 999 | Hora: 2026-09-17 09:44:09.257988
2026-09-17 09:44:09,263 | WARNING | Marcaje duplicado omitido (Modo Offline) -> Emp: 999 | Hora: 2026-09-17 09:44:09.257503
2026-09-17 09:44:09,263 | WARNING | Marcaje duplicado omitido (Modo Offline) -> Emp: 999 | Hora: 2026-09-17 09:44:09.259063
2026-09-17 09:44:09,263 | WARNING | Marcaje duplicado omitido (Modo Offline) -> Emp: 999 | Hora: 2026-09-17 09:44:09.258436
2026-09-17 09:44:09,264 | WARNING | Marcaje duplicado omitido (Modo Offline) -> Emp: 999 | Hora: 2026-09-17 09:44:09.258698
2026-09-17 09:44:09,264 | WARNING | Marcaje duplicado omitido (Modo Offline) -> Emp: 999 | Hora: 2026-09-17 09:44:09.257756
2026-09-17 09:44:09,353 | WARNING | Marcaje duplicado omitido (Modo Offline) -> Emp: 999 | Hora: 2026-09-17 09:44:09.348953
2026-09-17 09:44:09,354 | WARNING | Marcaje duplicado omitido (Modo Offline) -> Emp: 999 | Hora: 2026-09-17 09:44:09.351804
2026-09-17 09:44:09,354 | WARNING | Marcaje duplicado omitido (Modo Offline) -> Emp: 999 | Hora: 2026-09-17 09:44:09.350727
2026-09-17 09:44:09,354 | WARNING | Marcaje duplicado omitido (Modo Offline) -> Emp: 999 | Hora: 2026-09-17 09:44:09.350428
2026-09-17 09:44:09,355 | WARNING | Marcaje duplicado omitido (Modo Offline) -> Emp: 999 | Hora: 2026-09-17 09:44:09.352019
2026-09-17 09:44:09,355 | WARNING | Marcaje duplicado omitido (Modo Offline) -> Emp: 999 | Hora: 2026-09-17 09:44:09.351532
2026-09-17 09:44:09,652 | WARNING | Marcaje duplicado omitido (Modo Offline) -> Emp: 999 | Hora: 2026-09-17 09:44:09.651738
2026-09-17 09:44:09,653 | WARNING | Marcaje duplicado omitido (Modo Offline) -> Emp: 999 | Hora: 2026-09-17 09:44:09.650018
2026-09-17 09:44:09,777 | WARNING | Marcaje duplicado omitido (Modo Offline) -> Emp: 999 | Hora: 2026-09-17 09:44:09.772428
2026-09-17 09:44:09,778 | WARNING | Marcaje duplicado omitido (Modo Offline) -> Emp: 999 | Hora: 2026-09-17 09:44:09.770037
2026-09-17 09:44:09,778 | WARNING | Marcaje duplicado omitido (Modo Offline) -> Emp: 999 | Hora: 2026-09-17 09:44:09.773829
2026-09-17 09:44:09,778 | WARNING | Marcaje duplicado omitido (Modo Offline) -> Emp: 999 | Hora: 2026-09-17 09:44:09.775187
2026-09-17 09:44:09,779 | WARNING | Marcaje duplicado omitido (Modo Offline) -> Emp: 999 | Hora: 2026-09-17 09:44:09.773654
2026-09-17 09:44:09,778 | WARNING | Marcaje duplicado omitido (Modo Offline) -> Emp: 999 | Hora: 2026-09-17 09:44:09.774579
2026-09-17 09:44:09,779 | WARNING | Marcaje duplicado omitido (Modo Offline) -> Emp: 999 | Hora: 2026-09-17 09:44:09.774987
2026-09-17 09:44:09,779 | WARNING | Marcaje duplicado omitido (Modo Offline) -> Emp: 999 | Hora: 2026-09-17 09:44:09.774785
2026-09-17 09:44:09,782 | WARNING | Marcaje duplicado omitido (Modo Offline) -> Emp: 999 | Hora: 2026-09-17 09:44:09.775374
2026-09-17 09:44:09,783 | WARNING | Marcaje duplicado omitido (Modo Offline) -> Emp: 999 | Hora: 2026-09-17 09:44:09.775552
2026-09-17 09:44:09,788 | WARNING | Marcaje duplicado omitido (Modo Offline) -> Emp: 999 | Hora: 2026-09-17 09:44:09.775736
2026-09-17 09:44:09,791 | WARNING | Marcaje duplicado omitido (Modo Offline) -> Emp: 999 | Hora: 2026-09-17 09:44:09.776236
2026-09-17 09:44:09,791 | WARNING | Marcaje duplicado omitido (Modo Offline) -> Emp: 999 | Hora: 2026-09-17 09:44:09.775924
2026-09-17 09:44:09,792 | WARNING | Marcaje duplicado omitido (Modo Offline) -> Emp: 999 | Hora: 2026-09-17 09:44:09.776391
2026-09-17 09:44:09,852 | WARNING | Marcaje duplicado omitido (Modo Offline) -> Emp: 999 | Hora: 2026-09-17 09:44:09.843950
2026-09-17 09:44:09,867 | WARNING | Marcaje duplicado omitido (Modo Offline) -> Emp: 999 | Hora: 2026-09-17 09:44:09.859663
2026-09-17 09:44:09,869 | WARNING | Marcaje duplicado omitido (Modo Offline) -> Emp: 999 | Hora: 2026-09-17 09:44:09.863824
2026-09-17 09:44:09,872 | WARNING | Marcaje duplicado omitido (Modo Offline) -> Emp: 999 | Hora: 2026-09-17 09:44:09.868690
2026-09-17 09:44:09,873 | WARNING | Marcaje duplicado omitido (Modo Offline) -> Emp: 999 | Hora: 2026-09-17 09:44:09.870768
2026-09-17 09:44:09,875 | WARNING | Marcaje duplicado omitido (Modo Offline) -> Emp: 999 | Hora: 2026-09-17 09:44:09.868267
2026-09-17 09:44:09,879 | WARNING | Marcaje duplicado omitido (Modo Offline) -> Emp: 999 | Hora: 2026-09-17 09:44:09.868518
2026-09-17 09:44:09,880 | WARNING | Marcaje duplicado omitido (Modo Offline) -> Emp: 999 | Hora: 2026-09-17 09:44:09.870442
2026-09-17 09:44:09,881 | WARNING | Marcaje duplicado omitido (Modo Offline) -> Emp: 999 | Hora: 2026-09-17 09:44:09.873707
2026-09-17 09:44:09,882 | WARNING | Marcaje duplicado omitido (Modo Offline) -> Emp: 999 | Hora: 2026-09-17 09:44:09.873487
2026-09-17 09:44:09,882 | WARNING | Marcaje duplicado omitido (Modo Offline) -> Emp: 999 | Hora: 2026-09-17 09:44:09.873853
2026-09-17 09:44:09,883 | WARNING | Marcaje duplicado omitido (Modo Offline) -> Emp: 999 | Hora: 2026-09-17 09:44:09.874115
2026-09-17 09:44:09,885 | WARNING | Marcaje duplicado omitido (Modo Offline) -> Emp: 999 | Hora: 2026-09-17 09:44:09.874235
2026-09-17 09:44:09,885 | WARNING | Marcaje duplicado omitido (Modo Offline) -> Emp: 999 | Hora: 2026-09-17 09:44:09.873993
2026-09-17 09:44:09,888 | WARNING | Marcaje duplicado omitido (Modo Offline) -> Emp: 999 | Hora: 2026-09-17 09:44:09.874494
2026-09-17 09:44:09,888 | WARNING | Marcaje duplicado omitido (Modo Offline) -> Emp: 999 | Hora: 2026-09-17 09:44:09.874609
2026-09-17 09:44:09,888 | WARNING | Marcaje duplicado omitido (Modo Offline) -> Emp: 999 | Hora: 2026-09-17 09:44:09.874376
2026-09-17 09:44:09,889 | WARNING | Marcaje duplicado omitido (Modo Offline) -> Emp: 999 | Hora: 2026-09-17 09:44:09.874726
2026-09-17 09:44:09,890 | WARNING | Marcaje duplicado omitido (Modo Offline) -> Emp: 999 | Hora: 2026-09-17 09:44:09.874835
2026-09-17 09:44:09,893 | WARNING | Marcaje duplicado omitido (Modo Offline) -> Emp: 999 | Hora: 2026-09-17 09:44:09.876541
2026-09-17 09:44:09,895 | WARNING | Marcaje duplicado omitido (Modo Offline) -> Emp: 999 | Hora: 2026-09-17 09:44:09.876814
2026-09-17 09:44:09,896 | WARNING | Marcaje duplicado omitido (Modo Offline) -> Emp: 999 | Hora: 2026-09-17 09:44:09.877023
2026-09-17 09:44:09,900 | WARNING | Marcaje duplicado omitido (Modo Offline) -> Emp: 999 | Hora: 2026-09-17 09:44:09.877205
2026-09-17 09:44:09,902 | WARNING | Marcaje duplicado omitido (Modo Offline) -> Emp: 999 | Hora: 2026-09-17 09:44:09.877384
2026-09-17 09:44:09,903 | WARNING | Marcaje duplicado omitido (Modo Offline) -> Emp: 999 | Hora: 2026-09-17 09:44:09.877551
2026-09-17 09:44:09,903 | WARNING | Marcaje duplicado omitido (Modo Offline) -> Emp: 999 | Hora: 2026-09-17 09:44:09.877714
2026-09-17 09:44:09,908 | WARNING | Marcaje duplicado omitido (Modo Offline) -> Emp: 999 | Hora: 2026-09-17 09:44:09.877873
2026-09-17 09:44:10,198 | WARNING | Marcaje duplicado omitido (Modo Offline) -> Emp: 999 | Hora: 2026-09-17 09:44:10.191141
2026-09-17 09:44:10,198 | WARNING | Marcaje duplicado omitido (Modo Offline) -> Emp: 999 | Hora: 2026-09-17 09:44:10.192707
2026-09-17 09:44:10,199 | WARNING | Marcaje duplicado omitido (Modo Offline) -> Emp: 999 | Hora: 2026-09-17 09:44:10.187931
2026-09-17 09:44:10,200 | WARNING | Marcaje duplicado omitido (Modo Offline) -> Emp: 999 | Hora: 2026-09-17 09:44:10.194404
2026-09-17 09:44:10,200 | WARNING | Marcaje duplicado omitido (Modo Offline) -> Emp: 999 | Hora: 2026-09-17 09:44:10.192454
2026-09-17 09:44:10,200 | WARNING | Marcaje duplicado omitido (Modo Offline) -> Emp: 999 | Hora: 2026-09-17 09:44:10.193823
2026-09-17 09:44:10,200 | WARNING | Marcaje duplicado omitido (Modo Offline) -> Emp: 999 | Hora: 2026-09-17 09:44:10.194061
2026-09-17 09:44:10,201 | WARNING | Marcaje duplicado omitido (Modo Offline) -> Emp: 999 | Hora: 2026-09-17 09:44:10.194255
2026-09-17 09:44:10,204 | WARNING | Marcaje duplicado omitido (Modo Offline) -> Emp: 999 | Hora: 2026-09-17 09:44:10.195650
2026-09-17 09:44:10,209 | WARNING | Marcaje duplicado omitido (Modo Offline) -> Emp: 999 | Hora: 2026-09-17 09:44:10.195927
2026-09-17 09:44:10,213 | WARNING | Marcaje duplicado omitido (Modo Offline) -> Emp: 999 | Hora: 2026-09-17 09:44:10.196158
2026-09-17 09:44:10,214 | WARNING | Marcaje duplicado omitido (Modo Offline) -> Emp: 999 | Hora: 2026-09-17 09:44:10.196900
2026-09-17 09:44:10,214 | WARNING | Marcaje duplicado omitido (Modo Offline) -> Emp: 999 | Hora: 2026-09-17 09:44:10.197163
2026-09-17 09:44:10,215 | WARNING | Marcaje duplicado omitido (Modo Offline) -> Emp: 999 | Hora: 2026-09-17 09:44:10.197365
2026-09-17 09:44:10,222 | WARNING | Marcaje duplicado omitido (Modo Offline) -> Emp: 999 | Hora: 2026-09-17 09:44:10.197563
2026-09-17 09:44:10,380 | WARNING | Marcaje duplicado omitido (Modo Offline) -> Emp: 999 | Hora: 2026-09-17 09:44:10.375997
2026-09-17 09:44:10,380 | WARNING | Marcaje duplicado omitido (Modo Offline) -> Emp: 999 | Hora: 2026-09-17 09:44:10.376991
2026-09-17 09:44:10,380 | WARNING | Marcaje duplicado omitido (Modo Offline) -> Emp: 999 | Hora: 2026-09-17 09:44:10.377772
2026-09-17 09:44:10,381 | WARNING | Marcaje duplicado omitido (Modo Offline) -> Emp: 999 | Hora: 2026-09-17 09:44:10.377620
2026-09-17 09:44:10,382 | WARNING | Marcaje duplicado omitido (Modo Offline) -> Emp: 999 | Hora: 2026-09-17 09:44:10.378016
2026-09-17 09:44:10,383 | WARNING | Marcaje duplicado omitido (Modo Offline) -> Emp: 999 | Hora: 2026-09-17 09:44:10.379242
2026-09-17 09:44:10,383 | WARNING | Marcaje duplicado omitido (Modo Offline) -> Emp: 999 | Hora: 2026-09-17 09:44:10.377888
2026-09-17 09:44:10,383 | WARNING | Marcaje duplicado omitido (Modo Offline) -> Emp: 999 | Hora: 2026-09-17 09:44:10.379017
2026-09-17 09:44:10,528 | WARNING | Marcaje duplicado omitido (Modo Offline) -> Emp: 999 | Hora: 2026-09-17 09:44:10.523557
2026-09-17 09:44:10,532 | WARNING | Marcaje duplicado omitido (Modo Offline) -> Emp: 999 | Hora: 2026-09-17 09:44:10.524242
2026-09-17 09:44:10,540 | WARNING | Marcaje duplicado omitido (Modo Offline) -> Emp: 999 | Hora: 2026-09-17 09:44:10.530710
2026-09-17 09:44:10,546 | WARNING | Marcaje duplicado omitido (Modo Offline) -> Emp: 999 | Hora: 2026-09-17 09:44:10.539417
2026-09-17 09:44:10,554 | WARNING | Marcaje duplicado omitido (Modo Offline) -> Emp: 999 | Hora: 2026-09-17 09:44:10.545567
2026-09-17 09:44:10,555 | WARNING | Marcaje duplicado omitido (Modo Offline) -> Emp: 999 | Hora: 2026-09-17 09:44:10.546860
2026-09-17 09:44:10,555 | WARNING | Marcaje duplicado omitido (Modo Offline) -> Emp: 999 | Hora: 2026-09-17 09:44:10.546628
2026-09-17 09:44:10,556 | WARNING | Marcaje duplicado omitido (Modo Offline) -> Emp: 999 | Hora: 2026-09-17 09:44:10.550477
2026-09-17 09:44:10,556 | WARNING | Marcaje duplicado omitido (Modo Offline) -> Emp: 999 | Hora: 2026-09-17 09:44:10.547046
2026-09-17 09:44:10,556 | WARNING | Marcaje duplicado omitido (Modo Offline) -> Emp: 999 | Hora: 2026-09-17 09:44:10.547158
2026-09-17 09:44:10,557 | WARNING | Marcaje duplicado omitido (Modo Offline) -> Emp: 999 | Hora: 2026-09-17 09:44:10.550609
2026-09-17 09:44:10,558 | WARNING | Marcaje duplicado omitido (Modo Offline) -> Emp: 999 | Hora: 2026-09-17 09:44:10.550126
2026-09-17 09:44:10,558 | WARNING | Marcaje duplicado omitido (Modo Offline) -> Emp: 999 | Hora: 2026-09-17 09:44:10.550719
2026-09-17 09:44:10,558 | WARNING | Marcaje duplicado omitido (Modo Offline) -> Emp: 999 | Hora: 2026-09-17 09:44:10.550820
2026-09-17 09:44:10,559 | WARNING | Marcaje duplicado omitido (Modo Offline) -> Emp: 999 | Hora: 2026-09-17 09:44:10.550916
2026-09-17 09:44:10,561 | WARNING | Marcaje duplicado omitido (Modo Offline) -> Emp: 999 | Hora: 2026-09-17 09:44:10.551516
2026-09-17 09:44:10,564 | WARNING | Marcaje duplicado omitido (Modo Offline) -> Emp: 999 | Hora: 2026-09-17 09:44:10.551653
2026-09-17 09:44:10,565 | WARNING | Marcaje duplicado omitido (Modo Offline) -> Emp: 999 | Hora: 2026-09-17 09:44:10.551764
2026-09-17 09:44:10,566 | WARNING | Marcaje duplicado omitido (Modo Offline) -> Emp: 999 | Hora: 2026-09-17 09:44:10.551869
2026-09-17 09:44:10,610 | WARNING | Marcaje duplicado omitido (Modo Offline) -> Emp: 999 | Hora: 2026-09-17 09:44:10.602845
2026-09-17 09:44:10,611 | WARNING | Marcaje duplicado omitido (Modo Offline) -> Emp: 999 | Hora: 2026-09-17 09:44:10.604456
2026-09-17 09:44:10,611 | WARNING | Marcaje duplicado omitido (Modo Offline) -> Emp: 999 | Hora: 2026-09-17 09:44:10.603839
2026-09-17 09:44:10,613 | WARNING | Marcaje duplicado omitido (Modo Offline) -> Emp: 999 | Hora: 2026-09-17 09:44:10.603542
2026-09-17 09:44:10,612 | WARNING | Marcaje duplicado omitido (Modo Offline) -> Emp: 999 | Hora: 2026-09-17 09:44:10.604136
2026-09-17 09:44:10,613 | WARNING | Marcaje duplicado omitido (Modo Offline) -> Emp: 999 | Hora: 2026-09-17 09:44:10.603325
2026-09-17 09:44:10,613 | WARNING | Marcaje duplicado omitido (Modo Offline) -> Emp: 999 | Hora: 2026-09-17 09:44:10.603076
2026-09-17 09:44:10,613 | WARNING | Marcaje duplicado omitido (Modo Offline) -> Emp: 999 | Hora: 2026-09-17 09:44:10.602575
2026-09-17 09:44:10,620 | WARNING | Marcaje duplicado omitido (Modo Offline) -> Emp: 999 | Hora: 2026-09-17 09:44:10.604986
2026-09-17 09:44:10,621 | WARNING | Marcaje duplicado omitido (Modo Offline) -> Emp: 999 | Hora: 2026-09-17 09:44:10.604727
2026-09-17 09:44:10,622 | WARNING | Marcaje duplicado omitido (Modo Offline) -> Emp: 999 | Hora: 2026-09-17 09:44:10.605232
2026-09-17 09:44:10,624 | WARNING | Marcaje duplicado omitido (Modo Offline) -> Emp: 999 | Hora: 2026-09-17 09:44:10.605456
2026-09-17 09:44:10,636 | WARNING | Marcaje duplicado omitido (Modo Offline) -> Emp: 999 | Hora: 2026-09-17 09:44:10.630957
2026-09-17 09:44:10,636 | WARNING | Marcaje duplicado omitido (Modo Offline) -> Emp: 999 | Hora: 2026-09-17 09:44:10.630555
2026-09-17 09:44:10,637 | WARNING | Marcaje duplicado omitido (Modo Offline) -> Emp: 999 | Hora: 2026-09-17 09:44:10.630746
2026-09-17 09:44:10,723 | WARNING | Marcaje duplicado omitido (Modo Offline) -> Emp: 999 | Hora: 2026-09-17 09:44:10.722225
2026-09-17 09:44:10,723 | WARNING | Marcaje duplicado omitido (Modo Offline) -> Emp: 999 | Hora: 2026-09-17 09:44:10.721996
2026-09-17 09:44:10,938 | WARNING | Marcaje duplicado omitido (Modo Offline) -> Emp: 999 | Hora: 2026-09-17 09:44:10.937146
2026-09-17 09:44:10,961 | WARNING | Marcaje duplicado omitido (Modo Offline) -> Emp: 999 | Hora: 2026-09-17 09:44:10.954085
2026-09-17 09:44:10,961 | WARNING | Marcaje duplicado omitido (Modo Offline) -> Emp: 999 | Hora: 2026-09-17 09:44:10.953918
2026-09-17 09:44:10,961 | WARNING | Marcaje duplicado omitido (Modo Offline) -> Emp: 999 | Hora: 2026-09-17 09:44:10.955614
2026-09-17 09:44:10,962 | WARNING | Marcaje duplicado omitido (Modo Offline) -> Emp: 999 | Hora: 2026-09-17 09:44:10.954224
2026-09-17 09:44:10,965 | WARNING | Marcaje duplicado omitido (Modo Offline) -> Emp: 999 | Hora: 2026-09-17 09:44:10.955832
2026-09-17 09:44:10,965 | WARNING | Marcaje duplicado omitido (Modo Offline) -> Emp: 999 | Hora: 2026-09-17 09:44:10.957377
2026-09-17 09:44:10,965 | WARNING | Marcaje duplicado omitido (Modo Offline) -> Emp: 999 | Hora: 2026-09-17 09:44:10.956917
2026-09-17 09:44:10,967 | WARNING | Marcaje duplicado omitido (Modo Offline) -> Emp: 999 | Hora: 2026-09-17 09:44:10.957177
2026-09-17 09:44:10,968 | WARNING | Marcaje duplicado omitido (Modo Offline) -> Emp: 999 | Hora: 2026-09-17 09:44:10.958986
2026-09-17 09:44:10,968 | WARNING | Marcaje duplicado omitido (Modo Offline) -> Emp: 999 | Hora: 2026-09-17 09:44:10.958765
2026-09-17 09:44:10,970 | WARNING | Marcaje duplicado omitido (Modo Offline) -> Emp: 999 | Hora: 2026-09-17 09:44:10.959132
2026-09-17 09:44:10,973 | WARNING | Marcaje duplicado omitido (Modo Offline) -> Emp: 999 | Hora: 2026-09-17 09:44:10.959833
2026-09-17 09:44:10,976 | WARNING | Marcaje duplicado omitido (Modo Offline) -> Emp: 999 | Hora: 2026-09-17 09:44:10.960582
2026-09-17 09:44:11,166 | WARNING | Marcaje duplicado omitido (Modo Offline) -> Emp: 999 | Hora: 2026-09-17 09:44:11.164494
2026-09-17 09:44:11,166 | WARNING | Marcaje duplicado omitido (Modo Offline) -> Emp: 999 | Hora: 2026-09-17 09:44:11.164647
2026-09-17 09:44:11,166 | WARNING | Marcaje duplicado omitido (Modo Offline) -> Emp: 999 | Hora: 2026-09-17 09:44:11.164242
2026-09-17 09:44:11,218 | WARNING | Marcaje duplicado omitido (Modo Offline) -> Emp: 999 | Hora: 2026-09-17 09:44:11.208922
2026-09-17 09:44:11,223 | WARNING | Marcaje duplicado omitido (Modo Offline) -> Emp: 999 | Hora: 2026-09-17 09:44:11.214154
2026-09-17 09:44:11,224 | WARNING | Marcaje duplicado omitido (Modo Offline) -> Emp: 999 | Hora: 2026-09-17 09:44:11.217457
2026-09-17 09:44:11,224 | WARNING | Marcaje duplicado omitido (Modo Offline) -> Emp: 999 | Hora: 2026-09-17 09:44:11.217749
2026-09-17 09:44:11,227 | WARNING | Marcaje duplicado omitido (Modo Offline) -> Emp: 999 | Hora: 2026-09-17 09:44:11.221301
2026-09-17 09:44:11,230 | WARNING | Marcaje duplicado omitido (Modo Offline) -> Emp: 999 | Hora: 2026-09-17 09:44:11.221624
2026-09-17 09:44:11,231 | WARNING | Marcaje duplicado omitido (Modo Offline) -> Emp: 999 | Hora: 2026-09-17 09:44:11.221120
2026-09-17 09:44:11,231 | WARNING | Marcaje duplicado omitido (Modo Offline) -> Emp: 999 | Hora: 2026-09-17 09:44:11.221470
2026-09-17 09:44:11,232 | WARNING | Marcaje duplicado omitido (Modo Offline) -> Emp: 999 | Hora: 2026-09-17 09:44:11.225236
2026-09-17 09:44:11,232 | WARNING | Marcaje duplicado omitido (Modo Offline) -> Emp: 999 | Hora: 2026-09-17 09:44:11.225750
2026-09-17 09:44:11,234 | WARNING | Marcaje duplicado omitido (Modo Offline) -> Emp: 999 | Hora: 2026-09-17 09:44:11.225886
2026-09-17 09:44:11,235 | WARNING | Marcaje duplicado omitido (Modo Offline) -> Emp: 999 | Hora: 2026-09-17 09:44:11.225519
2026-09-17 09:44:11,238 | WARNING | Marcaje duplicado omitido (Modo Offline) -> Emp: 999 | Hora: 2026-09-17 09:44:11.226030
2026-09-17 09:44:11,238 | WARNING | Marcaje duplicado omitido (Modo Offline) -> Emp: 999 | Hora: 2026-09-17 09:44:11.226124
2026-09-17 09:44:11,240 | WARNING | Marcaje duplicado omitido (Modo Offline) -> Emp: 999 | Hora: 2026-09-17 09:44:11.226209
2026-09-17 09:44:11,242 | WARNING | Marcaje duplicado omitido (Modo Offline) -> Emp: 999 | Hora: 2026-09-17 09:44:11.226384
2026-09-17 09:44:11,242 | WARNING | Marcaje duplicado omitido (Modo Offline) -> Emp: 999 | Hora: 2026-09-17 09:44:11.226301
2026-09-17 09:44:11,244 | WARNING | Marcaje duplicado omitido (Modo Offline) -> Emp: 999 | Hora: 2026-09-17 09:44:11.229167
2026-09-17 09:44:11,245 | WARNING | Marcaje duplicado omitido (Modo Offline) -> Emp: 999 | Hora: 2026-09-17 09:44:11.229327
2026-09-17 09:44:11,246 | WARNING | Marcaje duplicado omitido (Modo Offline) -> Emp: 999 | Hora: 2026-09-17 09:44:11.229446
2026-09-17 09:44:11,247 | WARNING | Marcaje duplicado omitido (Modo Offline) -> Emp: 999 | Hora: 2026-09-17 09:44:11.229557
2026-09-17 09:44:11,252 | WARNING | Marcaje duplicado omitido (Modo Offline) -> Emp: 999 | Hora: 2026-09-17 09:44:11.229663
2026-09-17 09:44:11,254 | WARNING | Marcaje duplicado omitido (Modo Offline) -> Emp: 999 | Hora: 2026-09-17 09:44:11.229772
2026-09-17 09:44:11,256 | WARNING | Marcaje duplicado omitido (Modo Offline) -> Emp: 999 | Hora: 2026-09-17 09:44:11.230007
2026-09-17 09:44:11,406 | WARNING | Marcaje duplicado omitido (Modo Offline) -> Emp: 999 | Hora: 2026-09-17 09:44:11.397444
2026-09-17 09:44:11,406 | WARNING | Marcaje duplicado omitido (Modo Offline) -> Emp: 999 | Hora: 2026-09-17 09:44:11.394784
2026-09-17 09:44:11,407 | WARNING | Marcaje duplicado omitido (Modo Offline) -> Emp: 999 | Hora: 2026-09-17 09:44:11.400790
2026-09-17 09:44:11,407 | WARNING | Marcaje duplicado omitido (Modo Offline) -> Emp: 999 | Hora: 2026-09-17 09:44:11.401551
2026-09-17 09:44:11,407 | WARNING | Marcaje duplicado omitido (Modo Offline) -> Emp: 999 | Hora: 2026-09-17 09:44:11.400999
2026-09-17 09:44:11,408 | WARNING | Marcaje duplicado omitido (Modo Offline) -> Emp: 999 | Hora: 2026-09-17 09:44:11.402494
2026-09-17 09:44:11,409 | WARNING | Marcaje duplicado omitido (Modo Offline) -> Emp: 999 | Hora: 2026-09-17 09:44:11.401367
2026-09-17 09:44:11,410 | WARNING | Marcaje duplicado omitido (Modo Offline) -> Emp: 999 | Hora: 2026-09-17 09:44:11.401174
2026-09-17 09:44:11,411 | WARNING | Marcaje duplicado omitido (Modo Offline) -> Emp: 999 | Hora: 2026-09-17 09:44:11.402747
2026-09-17 09:44:11,413 | WARNING | Marcaje duplicado omitido (Modo Offline) -> Emp: 999 | Hora: 2026-09-17 09:44:11.402978
2026-09-17 09:44:11,415 | WARNING | Marcaje duplicado omitido (Modo Offline) -> Emp: 999 | Hora: 2026-09-17 09:44:11.403191
2026-09-17 09:44:11,418 | WARNING | Marcaje duplicado omitido (Modo Offline) -> Emp: 999 | Hora: 2026-09-17 09:44:11.403417
2026-09-17 09:44:11,421 | WARNING | Marcaje duplicado omitido (Modo Offline) -> Emp: 999 | Hora: 2026-09-17 09:44:11.403640
2026-09-17 09:44:11,423 | WARNING | Marcaje duplicado omitido (Modo Offline) -> Emp: 999 | Hora: 2026-09-17 09:44:11.403927
2026-09-17 09:44:11,427 | WARNING | Marcaje duplicado omitido (Modo Offline) -> Emp: 999 | Hora: 2026-09-17 09:44:11.404751
2026-09-17 09:44:11,538 | WARNING | Marcaje duplicado omitido (Modo Offline) -> Emp: 999 | Hora: 2026-09-17 09:44:11.534028
2026-09-17 09:44:11,538 | WARNING | Marcaje duplicado omitido (Modo Offline) -> Emp: 999 | Hora: 2026-09-17 09:44:11.534998
2026-09-17 09:44:11,539 | WARNING | Marcaje duplicado omitido (Modo Offline) -> Emp: 999 | Hora: 2026-09-17 09:44:11.535776
2026-09-17 09:44:11,539 | WARNING | Marcaje duplicado omitido (Modo Offline) -> Emp: 999 | Hora: 2026-09-17 09:44:11.537234
2026-09-17 09:44:11,539 | WARNING | Marcaje duplicado omitido (Modo Offline) -> Emp: 999 | Hora: 2026-09-17 09:44:11.535992
2026-09-17 09:44:11,540 | WARNING | Marcaje duplicado omitido (Modo Offline) -> Emp: 999 | Hora: 2026-09-17 09:44:11.536191
2026-09-17 09:44:11,541 | WARNING | Marcaje duplicado omitido (Modo Offline) -> Emp: 999 | Hora: 2026-09-17 09:44:11.536862
2026-09-17 09:44:11,541 | WARNING | Marcaje duplicado omitido (Modo Offline) -> Emp: 999 | Hora: 2026-09-17 09:44:11.537070
2026-09-17 09:44:11,973 | WARNING | Marcaje duplicado omitido (Modo Offline) -> Emp: 999 | Hora: 2026-09-17 09:44:11.972127
2026-09-17 09:44:11,983 | WARNING | Marcaje duplicado omitido (Modo Offline) -> Emp: 999 | Hora: 2026-09-17 09:44:11.980941
2026-09-17 09:44:11,983 | WARNING | Marcaje duplicado omitido (Modo Offline) -> Emp: 999 | Hora: 2026-09-17 09:44:11.980712
2026-09-17 09:44:11,983 | WARNING | Marcaje duplicado omitido (Modo Offline) -> Emp: 999 | Hora: 2026-09-17 09:44:11.981303
2026-09-17 09:44:11,984 | WARNING | Marcaje duplicado omitido (Modo Offline) -> Emp: 999 | Hora: 2026-09-17 09:44:11.981127
2026-09-17 09:44:12,082 | WARNING | Marcaje duplicado omitido (Modo Offline) -> Emp: 999 | Hora: 2026-09-17 09:44:12.075299
2026-09-17 09:44:12,086 | WARNING | Marcaje duplicado omitido (Modo Offline) -> Emp: 999 | Hora: 2026-09-17 09:44:12.081855
2026-09-17 09:44:12,087 | WARNING | Marcaje duplicado omitido (Modo Offline) -> Emp: 999 | Hora: 2026-09-17 09:44:12.081376
2026-09-17 09:44:12,088 | WARNING | Marcaje duplicado omitido (Modo Offline) -> Emp: 999 | Hora: 2026-09-17 09:44:12.081201
2026-09-17 09:44:12,089 | WARNING | Marcaje duplicado omitido (Modo Offline) -> Emp: 999 | Hora: 2026-09-17 09:44:12.082006
2026-09-17 09:44:12,089 | WARNING | Marcaje duplicado omitido (Modo Offline) -> Emp: 999 | Hora: 2026-09-17 09:44:12.081537
2026-09-17 09:44:12,089 | WARNING | Marcaje duplicado omitido (Modo Offline) -> Emp: 999 | Hora: 2026-09-17 09:44:12.081695
2026-09-17 09:44:12,092 | WARNING | Marcaje duplicado omitido (Modo Offline) -> Emp: 999 | Hora: 2026-09-17 09:44:12.082889
2026-09-17 09:44:12,092 | WARNING | Marcaje duplicado omitido (Modo Offline) -> Emp: 999 | Hora: 2026-09-17 09:44:12.080978
2026-09-17 09:44:12,093 | WARNING | Marcaje duplicado omitido (Modo Offline) -> Emp: 999 | Hora: 2026-09-17 09:44:12.083176
2026-09-17 09:44:12,197 | WARNING | Marcaje duplicado omitido (Modo Offline) -> Emp: 999 | Hora: 2026-09-17 09:44:12.180366
2026-09-17 09:44:12,197 | WARNING | Marcaje duplicado omitido (Modo Offline) -> Emp: 999 | Hora: 2026-09-17 09:44:12.179772
2026-09-17 09:44:12,198 | WARNING | Marcaje duplicado omitido (Modo Offline) -> Emp: 999 | Hora: 2026-09-17 09:44:12.180158
2026-09-17 09:44:12,201 | WARNING | Marcaje duplicado omitido (Modo Offline) -> Emp: 999 | Hora: 2026-09-17 09:44:12.179302
2026-09-17 09:44:12,204 | WARNING | Marcaje duplicado omitido (Modo Offline) -> Emp: 999 | Hora: 2026-09-17 09:44:12.178572
2026-09-17 09:44:12,209 | WARNING | Marcaje duplicado omitido (Modo Offline) -> Emp: 999 | Hora: 2026-09-17 09:44:12.178860
2026-09-17 09:44:12,210 | WARNING | Marcaje duplicado omitido (Modo Offline) -> Emp: 999 | Hora: 2026-09-17 09:44:12.179558
2026-09-17 09:44:12,210 | WARNING | Marcaje duplicado omitido (Modo Offline) -> Emp: 999 | Hora: 2026-09-17 09:44:12.179981
2026-09-17 09:44:12,214 | WARNING | Marcaje duplicado omitido (Modo Offline) -> Emp: 999 | Hora: 2026-09-17 09:44:12.180572
2026-09-17 09:44:12,219 | WARNING | Marcaje duplicado omitido (Modo Offline) -> Emp: 999 | Hora: 2026-09-17 09:44:12.180783
2026-09-17 09:44:12,227 | WARNING | Marcaje duplicado omitido (Modo Offline) -> Emp: 999 | Hora: 2026-09-17 09:44:12.181160
2026-09-17 09:44:12,228 | WARNING | Marcaje duplicado omitido (Modo Offline) -> Emp: 999 | Hora: 2026-09-17 09:44:12.180980
2026-09-17 09:44:12,228 | WARNING | Marcaje duplicado omitido (Modo Offline) -> Emp: 999 | Hora: 2026-09-17 09:44:12.181328
2026-09-17 09:44:12,231 | WARNING | Marcaje duplicado omitido (Modo Offline) -> Emp: 999 | Hora: 2026-09-17 09:44:12.181499
2026-09-17 09:44:12,235 | WARNING | Marcaje duplicado omitido (Modo Offline) -> Emp: 999 | Hora: 2026-09-17 09:44:12.181938
2026-09-17 09:44:12,237 | WARNING | Marcaje duplicado omitido (Modo Offline) -> Emp: 999 | Hora: 2026-09-17 09:44:12.185130
2026-09-17 09:44:12,238 | WARNING | Marcaje duplicado omitido (Modo Offline) -> Emp: 999 | Hora: 2026-09-17 09:44:12.185814
2026-09-17 09:44:12,242 | WARNING | Marcaje duplicado omitido (Modo Offline) -> Emp: 999 | Hora: 2026-09-17 09:44:12.186336
2026-09-17 09:44:12,243 | WARNING | Marcaje duplicado omitido (Modo Offline) -> Emp: 999 | Hora: 2026-09-17 09:44:12.187086
2026-09-17 09:44:12,283 | WARNING | Marcaje duplicado omitido (Modo Offline) -> Emp: 999 | Hora: 2026-09-17 09:44:12.282696
2026-09-17 09:44:12,284 | WARNING | Marcaje duplicado omitido (Modo Offline) -> Emp: 999 | Hora: 2026-09-17 09:44:12.282448
2026-09-17 09:44:12,329 | WARNING | Marcaje duplicado omitido (Modo Offline) -> Emp: 999 | Hora: 2026-09-17 09:44:12.324171
2026-09-17 09:44:12,329 | WARNING | Marcaje duplicado omitido (Modo Offline) -> Emp: 999 | Hora: 2026-09-17 09:44:12.325276
2026-09-17 09:44:12,330 | WARNING | Marcaje duplicado omitido (Modo Offline) -> Emp: 999 | Hora: 2026-09-17 09:44:12.321205
2026-09-17 09:44:12,331 | WARNING | Marcaje duplicado omitido (Modo Offline) -> Emp: 999 | Hora: 2026-09-17 09:44:12.327304
2026-09-17 09:44:12,331 | WARNING | Marcaje duplicado omitido (Modo Offline) -> Emp: 999 | Hora: 2026-09-17 09:44:12.325071
2026-09-17 09:44:12,333 | WARNING | Marcaje duplicado omitido (Modo Offline) -> Emp: 999 | Hora: 2026-09-17 09:44:12.327476
2026-09-17 09:44:12,333 | WARNING | Marcaje duplicado omitido (Modo Offline) -> Emp: 999 | Hora: 2026-09-17 09:44:12.327115
2026-09-17 09:44:12,333 | WARNING | Marcaje duplicado omitido (Modo Offline) -> Emp: 999 | Hora: 2026-09-17 09:44:12.326882
2026-09-17 09:44:12,333 | WARNING | Marcaje duplicado omitido (Modo Offline) -> Emp: 999 | Hora: 2026-09-17 09:44:12.327678
2026-09-17 09:44:12,337 | WARNING | Marcaje duplicado omitido (Modo Offline) -> Emp: 999 | Hora: 2026-09-17 09:44:12.327864
2026-09-17 09:44:12,342 | WARNING | Marcaje duplicado omitido (Modo Offline) -> Emp: 999 | Hora: 2026-09-17 09:44:12.328042
2026-09-17 09:44:12,343 | WARNING | Marcaje duplicado omitido (Modo Offline) -> Emp: 999 | Hora: 2026-09-17 09:44:12.328221
2026-09-17 09:44:12,345 | WARNING | Marcaje duplicado omitido (Modo Offline) -> Emp: 999 | Hora: 2026-09-17 09:44:12.328377
2026-09-17 09:44:12,347 | WARNING | Marcaje duplicado omitido (Modo Offline) -> Emp: 999 | Hora: 2026-09-17 09:44:12.328526
2026-09-17 09:44:12,715 | WARNING | Marcaje duplicado omitido (Modo Offline) -> Emp: 999 | Hora: 2026-09-17 09:44:12.714132
2026-09-17 09:44:12,716 | WARNING | Marcaje duplicado omitido (Modo Offline) -> Emp: 999 | Hora: 2026-09-17 09:44:12.714291
2026-09-17 09:44:12,716 | WARNING | Marcaje duplicado omitido (Modo Offline) -> Emp: 999 | Hora: 2026-09-17 09:44:12.714407
2026-09-17 09:44:12,850 | WARNING | Marcaje duplicado omitido (Modo Offline) -> Emp: 999 | Hora: 2026-09-17 09:44:12.834290
2026-09-17 09:44:12,851 | WARNING | Marcaje duplicado omitido (Modo Offline) -> Emp: 999 | Hora: 2026-09-17 09:44:12.832599
2026-09-17 09:44:12,866 | WARNING | Marcaje duplicado omitido (Modo Offline) -> Emp: 999 | Hora: 2026-09-17 09:44:12.859024
2026-09-17 09:44:12,873 | WARNING | Marcaje duplicado omitido (Modo Offline) -> Emp: 999 | Hora: 2026-09-17 09:44:12.853140
2026-09-17 09:44:12,874 | WARNING | Marcaje duplicado omitido (Modo Offline) -> Emp: 999 | Hora: 2026-09-17 09:44:12.867318
2026-09-17 09:44:12,875 | WARNING | Marcaje duplicado omitido (Modo Offline) -> Emp: 999 | Hora: 2026-09-17 09:44:12.867680
2026-09-17 09:44:12,877 | WARNING | Marcaje duplicado omitido (Modo Offline) -> Emp: 999 | Hora: 2026-09-17 09:44:12.868136
2026-09-17 09:44:12,877 | WARNING | Marcaje duplicado omitido (Modo Offline) -> Emp: 999 | Hora: 2026-09-17 09:44:12.866984
2026-09-17 09:44:12,879 | WARNING | Marcaje duplicado omitido (Modo Offline) -> Emp: 999 | Hora: 2026-09-17 09:44:12.871915
2026-09-17 09:44:12,879 | WARNING | Marcaje duplicado omitido (Modo Offline) -> Emp: 999 | Hora: 2026-09-17 09:44:12.871765
2026-09-17 09:44:12,879 | WARNING | Marcaje duplicado omitido (Modo Offline) -> Emp: 999 | Hora: 2026-09-17 09:44:12.871596
2026-09-17 09:44:12,880 | WARNING | Marcaje duplicado omitido (Modo Offline) -> Emp: 999 | Hora: 2026-09-17 09:44:12.872041
2026-09-17 09:44:12,881 | WARNING | Marcaje duplicado omitido (Modo Offline) -> Emp: 999 | Hora: 2026-09-17 09:44:12.872158
2026-09-17 09:44:12,881 | WARNING | Marcaje duplicado omitido (Modo Offline) -> Emp: 999 | Hora: 2026-09-17 09:44:12.872378
2026-09-17 09:44:12,882 | WARNING | Marcaje duplicado omitido (Modo Offline) -> Emp: 999 | Hora: 2026-09-17 09:44:12.872270
2026-09-17 09:44:12,886 | WARNING | Marcaje duplicado omitido (Modo Offline) -> Emp: 999 | Hora: 2026-09-17 09:44:12.872485
2026-09-17 09:44:12,889 | WARNING | Marcaje duplicado omitido (Modo Offline) -> Emp: 999 | Hora: 2026-09-17 09:44:12.872728
2026-09-17 09:44:12,891 | WARNING | Marcaje duplicado omitido (Modo Offline) -> Emp: 999 | Hora: 2026-09-17 09:44:12.872843
2026-09-17 09:44:12,893 | WARNING | Marcaje duplicado omitido (Modo Offline) -> Emp: 999 | Hora: 2026-09-17 09:44:12.872946
2026-09-17 09:44:12,894 | WARNING | Marcaje duplicado omitido (Modo Offline) -> Emp: 999 | Hora: 2026-09-17 09:44:12.873053
2026-09-17 09:44:12,896 | WARNING | Marcaje duplicado omitido (Modo Offline) -> Emp: 999 | Hora: 2026-09-17 09:44:12.873153
2026-09-17 09:44:12,903 | WARNING | Marcaje duplicado omitido (Modo Offline) -> Emp: 999 | Hora: 2026-09-17 09:44:12.873253
2026-09-17 09:44:12,905 | WARNING | Marcaje duplicado omitido (Modo Offline) -> Emp: 999 | Hora: 2026-09-17 09:44:12.873351
2026-09-17 09:44:12,908 | WARNING | Marcaje duplicado omitido (Modo Offline) -> Emp: 999 | Hora: 2026-09-17 09:44:12.873449
2026-09-17 09:44:12,957 | WARNING | Marcaje duplicado omitido (Modo Offline) -> Emp: 999 | Hora: 2026-09-17 09:44:12.949356
2026-09-17 09:44:12,963 | WARNING | Marcaje duplicado omitido (Modo Offline) -> Emp: 999 | Hora: 2026-09-17 09:44:12.955645
2026-09-17 09:44:12,969 | WARNING | Marcaje duplicado omitido (Modo Offline) -> Emp: 999 | Hora: 2026-09-17 09:44:12.956355
2026-09-17 09:44:12,970 | WARNING | Marcaje duplicado omitido (Modo Offline) -> Emp: 999 | Hora: 2026-09-17 09:44:12.958796
2026-09-17 09:44:12,974 | WARNING | Marcaje duplicado omitido (Modo Offline) -> Emp: 999 | Hora: 2026-09-17 09:44:12.958238
2026-09-17 09:44:12,974 | WARNING | Marcaje duplicado omitido (Modo Offline) -> Emp: 999 | Hora: 2026-09-17 09:44:12.959010
2026-09-17 09:44:12,974 | WARNING | Marcaje duplicado omitido (Modo Offline) -> Emp: 999 | Hora: 2026-09-17 09:44:12.958463
2026-09-17 09:44:12,975 | WARNING | Marcaje duplicado omitido (Modo Offline) -> Emp: 999 | Hora: 2026-09-17 09:44:12.956506
2026-09-17 09:44:12,975 | WARNING | Marcaje duplicado omitido (Modo Offline) -> Emp: 999 | Hora: 2026-09-17 09:44:12.958010
2026-09-17 09:44:12,975 | WARNING | Marcaje duplicado omitido (Modo Offline) -> Emp: 999 | Hora: 2026-09-17 09:44:12.959188
2026-09-17 09:44:12,978 | WARNING | Marcaje duplicado omitido (Modo Offline) -> Emp: 999 | Hora: 2026-09-17 09:44:12.959352
2026-09-17 09:44:12,980 | WARNING | Marcaje duplicado omitido (Modo Offline) -> Emp: 999 | Hora: 2026-09-17 09:44:12.961468
2026-09-17 09:44:12,983 | WARNING | Marcaje duplicado omitido (Modo Offline) -> Emp: 999 | Hora: 2026-09-17 09:44:12.961772
2026-09-17 09:44:12,987 | WARNING | Marcaje duplicado omitido (Modo Offline) -> Emp: 999 | Hora: 2026-09-17 09:44:12.972794
2026-09-17 09:44:12,986 | WARNING | Marcaje duplicado omitido (Modo Offline) -> Emp: 999 | Hora: 2026-09-17 09:44:12.962170
2026-09-17 09:44:12,989 | WARNING | Marcaje duplicado omitido (Modo Offline) -> Emp: 999 | Hora: 2026-09-17 09:44:12.984368
2026-09-17 09:44:13,004 | WARNING | Marcaje duplicado omitido (Modo Offline) -> Emp: 999 | Hora: 2026-09-17 09:44:13.001630
2026-09-17 09:44:13,004 | WARNING | Marcaje duplicado omitido (Modo Offline) -> Emp: 999 | Hora: 2026-09-17 09:44:13.001820
2026-09-17 09:44:13,019 | WARNING | Marcaje duplicado omitido (Modo Offline) -> Emp: 999 | Hora: 2026-09-17 09:44:13.017348
2026-09-17 09:44:13,019 | WARNING | Marcaje duplicado omitido (Modo Offline) -> Emp: 999 | Hora: 2026-09-17 09:44:13.017029
2026-09-17 09:44:13,020 | WARNING | Marcaje duplicado omitido (Modo Offline) -> Emp: 999 | Hora: 2026-09-17 09:44:13.017635
2026-09-17 09:44:13,019 | WARNING | Marcaje duplicado omitido (Modo Offline) -> Emp: 999 | Hora: 2026-09-17 09:44:13.017198
2026-09-17 09:44:13,020 | WARNING | Marcaje duplicado omitido (Modo Offline) -> Emp: 999 | Hora: 2026-09-17 09:44:13.017496
2026-09-17 09:44:13,408 | WARNING | Marcaje duplicado omitido (Modo Offline) -> Emp: 999 | Hora: 2026-09-17 09:44:13.400928
2026-09-17 09:44:13,408 | WARNING | Marcaje duplicado omitido (Modo Offline) -> Emp: 999 | Hora: 2026-09-17 09:44:13.406006
2026-09-17 09:44:13,409 | WARNING | Marcaje duplicado omitido (Modo Offline) -> Emp: 999 | Hora: 2026-09-17 09:44:13.407793
2026-09-17 09:44:13,410 | WARNING | Marcaje duplicado omitido (Modo Offline) -> Emp: 999 | Hora: 2026-09-17 09:44:13.407564
2026-09-17 09:44:13,411 | WARNING | Marcaje duplicado omitido (Modo Offline) -> Emp: 999 | Hora: 2026-09-17 09:44:13.407275
2026-09-17 09:44:13,486 | WARNING | Marcaje duplicado omitido (Modo Offline) -> Emp: 999 | Hora: 2026-09-17 09:44:13.485437
2026-09-17 09:44:13,486 | WARNING | Marcaje duplicado omitido (Modo Offline) -> Emp: 999 | Hora: 2026-09-17 09:44:13.485173
2026-09-17 09:44:13,533 | WARNING | Marcaje duplicado omitido (Modo Offline) -> Emp: 999 | Hora: 2026-09-17 09:44:13.528728
2026-09-17 09:44:13,533 | WARNING | Marcaje duplicado omitido (Modo Offline) -> Emp: 999 | Hora: 2026-09-17 09:44:13.529612
2026-09-17 09:44:13,535 | WARNING | Marcaje duplicado omitido (Modo Offline) -> Emp: 999 | Hora: 2026-09-17 09:44:13.529950
2026-09-17 09:44:13,536 | WARNING | Marcaje duplicado omitido (Modo Offline) -> Emp: 999 | Hora: 2026-09-17 09:44:13.531298
2026-09-17 09:44:13,537 | WARNING | Marcaje duplicado omitido (Modo Offline) -> Emp: 999 | Hora: 2026-09-17 09:44:13.530326
2026-09-17 09:44:13,537 | WARNING | Marcaje duplicado omitido (Modo Offline) -> Emp: 999 | Hora: 2026-09-17 09:44:13.532670
2026-09-17 09:44:13,537 | WARNING | Marcaje duplicado omitido (Modo Offline) -> Emp: 999 | Hora: 2026-09-17 09:44:13.531517
2026-09-17 09:44:13,538 | WARNING | Marcaje duplicado omitido (Modo Offline) -> Emp: 999 | Hora: 2026-09-17 09:44:13.530157
2026-09-17 09:44:13,610 | WARNING | Marcaje duplicado omitido (Modo Offline) -> Emp: 999 | Hora: 2026-09-17 09:44:13.603124
2026-09-17 09:44:13,612 | WARNING | Marcaje duplicado omitido (Modo Offline) -> Emp: 999 | Hora: 2026-09-17 09:44:13.607429
2026-09-17 09:44:13,634 | WARNING | Marcaje duplicado omitido (Modo Offline) -> Emp: 999 | Hora: 2026-09-17 09:44:13.616465
2026-09-17 09:44:13,635 | WARNING | Marcaje duplicado omitido (Modo Offline) -> Emp: 999 | Hora: 2026-09-17 09:44:13.617070
2026-09-17 09:44:13,635 | WARNING | Marcaje duplicado omitido (Modo Offline) -> Emp: 999 | Hora: 2026-09-17 09:44:13.626871
2026-09-17 09:44:13,636 | WARNING | Marcaje duplicado omitido (Modo Offline) -> Emp: 999 | Hora: 2026-09-17 09:44:13.626259
2026-09-17 09:44:13,636 | WARNING | Marcaje duplicado omitido (Modo Offline) -> Emp: 999 | Hora: 2026-09-17 09:44:13.626436
2026-09-17 09:44:13,636 | WARNING | Marcaje duplicado omitido (Modo Offline) -> Emp: 999 | Hora: 2026-09-17 09:44:13.616163
2026-09-17 09:44:13,640 | WARNING | Marcaje duplicado omitido (Modo Offline) -> Emp: 999 | Hora: 2026-09-17 09:44:13.626559
2026-09-17 09:44:13,641 | WARNING | Marcaje duplicado omitido (Modo Offline) -> Emp: 999 | Hora: 2026-09-17 09:44:13.626690
2026-09-17 09:44:13,644 | WARNING | Marcaje duplicado omitido (Modo Offline) -> Emp: 999 | Hora: 2026-09-17 09:44:13.631913
2026-09-17 09:44:13,645 | WARNING | Marcaje duplicado omitido (Modo Offline) -> Emp: 999 | Hora: 2026-09-17 09:44:13.632069
2026-09-17 09:44:13,646 | WARNING | Marcaje duplicado omitido (Modo Offline) -> Emp: 999 | Hora: 2026-09-17 09:44:13.632190
2026-09-17 09:44:13,652 | WARNING | Marcaje duplicado omitido (Modo Offline) -> Emp: 999 | Hora: 2026-09-17 09:44:13.632727
2026-09-17 09:44:13,653 | WARNING | Marcaje duplicado omitido (Modo Offline) -> Emp: 999 | Hora: 2026-09-17 09:44:13.632954
2026-09-17 09:44:13,656 | WARNING | Marcaje duplicado omitido (Modo Offline) -> Emp: 999 | Hora: 2026-09-17 09:44:13.633502
2026-09-17 09:44:13,657 | WARNING | Marcaje duplicado omitido (Modo Offline) -> Emp: 999 | Hora: 2026-09-17 09:44:13.633169
2026-09-17 09:44:13,657 | WARNING | Marcaje duplicado omitido (Modo Offline) -> Emp: 999 | Hora: 2026-09-17 09:44:13.632315
2026-09-17 09:44:13,657 | WARNING | Marcaje duplicado omitido (Modo Offline) -> Emp: 999 | Hora: 2026-09-17 09:44:13.638630
2026-09-17 09:44:13,658 | WARNING | Marcaje duplicado omitido (Modo Offline) -> Emp: 999 | Hora: 2026-09-17 09:44:13.638836
2026-09-17 09:44:13,658 | WARNING | Marcaje duplicado omitido (Modo Offline) -> Emp: 999 | Hora: 2026-09-17 09:44:13.638968
2026-09-17 09:44:13,661 | WARNING | Marcaje duplicado omitido (Modo Offline) -> Emp: 999 | Hora: 2026-09-17 09:44:13.642424
2026-09-17 09:44:13,664 | WARNING | Marcaje duplicado omitido (Modo Offline) -> Emp: 999 | Hora: 2026-09-17 09:44:13.642666
2026-09-17 09:44:13,667 | WARNING | Marcaje duplicado omitido (Modo Offline) -> Emp: 999 | Hora: 2026-09-17 09:44:13.648292
2026-09-17 09:44:13,667 | WARNING | Marcaje duplicado omitido (Modo Offline) -> Emp: 999 | Hora: 2026-09-17 09:44:13.648021
2026-09-17 09:44:13,668 | WARNING | Marcaje duplicado omitido (Modo Offline) -> Emp: 999 | Hora: 2026-09-17 09:44:13.648515
2026-09-17 09:44:13,671 | WARNING | Marcaje duplicado omitido (Modo Offline) -> Emp: 999 | Hora: 2026-09-17 09:44:13.648721
2026-09-17 09:44:13,672 | WARNING | Marcaje duplicado omitido (Modo Offline) -> Emp: 999 | Hora: 2026-09-17 09:44:13.648930
2026-09-17 09:44:13,672 | WARNING | Marcaje duplicado omitido (Modo Offline) -> Emp: 999 | Hora: 2026-09-17 09:44:13.649427
2026-09-17 09:44:13,673 | WARNING | Marcaje duplicado omitido (Modo Offline) -> Emp: 999 | Hora: 2026-09-17 09:44:13.649672
2026-09-17 09:44:13,679 | WARNING | Marcaje duplicado omitido (Modo Offline) -> Emp: 999 | Hora: 2026-09-17 09:44:13.649951
2026-09-17 09:44:13,681 | WARNING | Marcaje duplicado omitido (Modo Offline) -> Emp: 999 | Hora: 2026-09-17 09:44:13.654122
2026-09-17 09:44:13,683 | WARNING | Marcaje duplicado omitido (Modo Offline) -> Emp: 999 | Hora: 2026-09-17 09:44:13.655590
2026-09-17 09:44:13,686 | WARNING | Marcaje duplicado omitido (Modo Offline) -> Emp: 999 | Hora: 2026-09-17 09:44:13.655812
2026-09-17 09:44:13,689 | WARNING | Marcaje duplicado omitido (Modo Offline) -> Emp: 999 | Hora: 2026-09-17 09:44:13.655987
2026-09-17 09:44:13,730 | WARNING | Marcaje duplicado omitido (Modo Offline) -> Emp: 999 | Hora: 2026-09-17 09:44:13.729375
2026-09-17 09:44:13,730 | WARNING | Marcaje duplicado omitido (Modo Offline) -> Emp: 999 | Hora: 2026-09-17 09:44:13.729213
2026-09-17 09:44:13,731 | WARNING | Marcaje duplicado omitido (Modo Offline) -> Emp: 999 | Hora: 2026-09-17 09:44:13.729517
2026-09-17 09:44:13,946 | WARNING | Marcaje duplicado omitido (Modo Offline) -> Emp: 999 | Hora: 2026-09-17 09:44:13.934640
2026-09-17 09:44:13,950 | WARNING | Marcaje duplicado omitido (Modo Offline) -> Emp: 999 | Hora: 2026-09-17 09:44:13.944292
2026-09-17 09:44:13,950 | WARNING | Marcaje duplicado omitido (Modo Offline) -> Emp: 999 | Hora: 2026-09-17 09:44:13.940923
2026-09-17 09:44:13,952 | WARNING | Marcaje duplicado omitido (Modo Offline) -> Emp: 999 | Hora: 2026-09-17 09:44:13.944407
2026-09-17 09:44:13,952 | WARNING | Marcaje duplicado omitido (Modo Offline) -> Emp: 999 | Hora: 2026-09-17 09:44:13.942867
2026-09-17 09:44:13,951 | WARNING | Marcaje duplicado omitido (Modo Offline) -> Emp: 999 | Hora: 2026-09-17 09:44:13.942978
2026-09-17 09:44:13,953 | WARNING | Marcaje duplicado omitido (Modo Offline) -> Emp: 999 | Hora: 2026-09-17 09:44:13.942731
2026-09-17 09:44:13,954 | WARNING | Marcaje duplicado omitido (Modo Offline) -> Emp: 999 | Hora: 2026-09-17 09:44:13.944153
2026-09-17 09:44:13,954 | WARNING | Marcaje duplicado omitido (Modo Offline) -> Emp: 999 | Hora: 2026-09-17 09:44:13.944515
2026-09-17 09:44:13,959 | WARNING | Marcaje duplicado omitido (Modo Offline) -> Emp: 999 | Hora: 2026-09-17 09:44:13.945473
2026-09-17 09:44:13,959 | WARNING | Marcaje duplicado omitido (Modo Offline) -> Emp: 999 | Hora: 2026-09-17 09:44:13.945624
2026-09-17 09:44:13,961 | WARNING | Marcaje duplicado omitido (Modo Offline) -> Emp: 999 | Hora: 2026-09-17 09:44:13.945902
2026-09-17 09:44:13,961 | WARNING | Marcaje duplicado omitido (Modo Offline) -> Emp: 999 | Hora: 2026-09-17 09:44:13.945785
2026-09-17 09:44:13,962 | WARNING | Marcaje duplicado omitido (Modo Offline) -> Emp: 999 | Hora: 2026-09-17 09:44:13.946013
2026-09-17 09:44:13,963 | WARNING | Marcaje duplicado omitido (Modo Offline) -> Emp: 999 | Hora: 2026-09-17 09:44:13.946106
2026-09-17 09:44:13,967 | WARNING | Marcaje duplicado omitido (Modo Offline) -> Emp: 999 | Hora: 2026-09-17 09:44:13.946279
2026-09-17 09:44:13,967 | WARNING | Marcaje duplicado omitido (Modo Offline) -> Emp: 999 | Hora: 2026-09-17 09:44:13.946194
2026-09-17 09:44:13,969 | WARNING | Marcaje duplicado omitido (Modo Offline) -> Emp: 999 | Hora: 2026-09-17 09:44:13.946364
2026-09-17 09:44:13,970 | WARNING | Marcaje duplicado omitido (Modo Offline) -> Emp: 999 | Hora: 2026-09-17 09:44:13.946447
2026-09-17 09:44:13,971 | WARNING | Marcaje duplicado omitido (Modo Offline) -> Emp: 999 | Hora: 2026-09-17 09:44:13.946526
2026-09-17 09:44:13,973 | WARNING | Marcaje duplicado omitido (Modo Offline) -> Emp: 999 | Hora: 2026-09-17 09:44:13.946606
2026-09-17 09:44:13,974 | WARNING | Marcaje duplicado omitido (Modo Offline) -> Emp: 999 | Hora: 2026-09-17 09:44:13.947282
2026-09-17 09:44:13,974 | WARNING | Marcaje duplicado omitido (Modo Offline) -> Emp: 999 | Hora: 2026-09-17 09:44:13.948787
2026-09-17 09:44:13,974 | WARNING | Marcaje duplicado omitido (Modo Offline) -> Emp: 999 | Hora: 2026-09-17 09:44:13.948016
2026-09-17 09:47:04,169 | INFO | Modo Offline: Procesando nuevo marcaje para emp: EMP001
2026-09-17 09:47:04,171 | INFO | Respaldo TXT guardado para EMP001 (Tienda: 1)
2026-09-17 09:47:06,599 | INFO | Modo Offline: Procesando nuevo marcaje para emp: EMP002
2026-09-17 09:47:06,602 | INFO | Respaldo TXT guardado para EMP002 (Tienda: 1)
2026-09-17 09:47:13,924 | INFO | Modo Offline: Procesando nuevo marcaje para emp: EMP_TEST_99
2026-09-17 09:47:13,941 | INFO | Respaldo TXT guardado para EMP_TEST_99 (Tienda: 1)
2026-09-17 09:47:18,110 | INFO | Modo Offline: Procesando nuevo marcaje para emp: EMP_TEST_99
2026-09-17 09:47:18,117 | INFO | Respaldo TXT guardado para EMP_TEST_99 (Tienda: 1)
2026-09-17 09:47:55,225 | INFO | Configuración cargada correctamente desde: C:\Users\USUARIO\Documents\API PARA CAPTADOR\api_conexion\output\main2\config.txt
2026-09-17 09:47:55,320 | INFO | --------------------------------------------------
2026-09-17 09:47:55,321 | INFO |  MODO OFFLINE ACTIVADO (ENABLE_HARDWARE=0)
2026-09-17 09:47:55,321 | INFO |  Omitiendo conexión a PostgreSQL y tareas de biométrico.
2026-09-17 09:47:55,321 | INFO | --------------------------------------------------
